Domain,Family,Model,Plain Acc,KFold Acc,Acc % Change,Plain RSTD,KFold RSTD,RSTD % Change
abstract_algebra,Falcon,Falcon3-10B-Base,0.4700,0.4800,+2.13%,0.2022,0.1676,-17.11%
anatomy,Falcon,Falcon3-10B-Base,0.6296,0.6222,-1.18%,0.1005,0.0826,-17.88%
astronomy,Falcon,Falcon3-10B-Base,0.7697,0.7697,+0.00%,0.1032,0.0859,-16.77%
business_ethics,Falcon,Falcon3-10B-Base,0.6200,0.6600,+6.45%,0.1031,0.0712,-30.92%
clinical_knowledge,Falcon,Falcon3-10B-Base,0.7321,0.7283,-0.52%,0.0989,0.0532,-46.22%
college_biology,Falcon,Falcon3-10B-Base,0.8056,0.8125,+0.86%,0.1080,0.1100,+1.82%
college_chemistry,Falcon,Falcon3-10B-Base,0.5000,0.5400,+8.00%,0.0727,0.0260,-64.28%
college_computer_science,Falcon,Falcon3-10B-Base,0.5600,0.5400,-3.57%,0.1452,0.0664,-54.30%
college_mathematics,Falcon,Falcon3-10B-Base,0.4100,0.4100,+0.00%,0.0484,0.0298,-38.50%
college_medicine,Falcon,Falcon3-10B-Base,0.6416,0.6358,-0.90%,0.0495,0.0520,+5.09%
college_physics,Falcon,Falcon3-10B-Base,0.4804,0.4706,-2.04%,0.1859,0.0716,-61.47%
computer_security,Falcon,Falcon3-10B-Base,0.7400,0.7200,-2.70%,0.2119,0.0963,-54.54%
conceptual_physics,Falcon,Falcon3-10B-Base,0.7660,0.7660,+0.00%,0.0655,0.0178,-72.88%
econometrics,Falcon,Falcon3-10B-Base,0.5614,0.5702,+1.56%,0.1895,0.1605,-15.26%
electrical_engineering,Falcon,Falcon3-10B-Base,0.7172,0.7172,+0.00%,0.0961,0.0537,-44.14%
elementary_mathematics,Falcon,Falcon3-10B-Base,0.5952,0.5899,-0.89%,0.1734,0.0793,-54.29%
formal_logic,Falcon,Falcon3-10B-Base,0.5079,0.4921,-3.12%,0.1499,0.1587,+5.89%
global_facts,Falcon,Falcon3-10B-Base,0.4200,0.3900,-7.14%,0.1903,0.1176,-38.20%
high_school_biology,Falcon,Falcon3-10B-Base,0.8161,0.8226,+0.79%,0.0481,0.0321,-33.22%
high_school_chemistry,Falcon,Falcon3-10B-Base,0.6355,0.6158,-3.10%,0.1517,0.1208,-20.32%
high_school_computer_science,Falcon,Falcon3-10B-Base,0.7300,0.7500,+2.74%,0.0710,0.0909,+28.01%
high_school_european_history,Falcon,Falcon3-10B-Base,0.7152,0.7273,+1.69%,0.0941,0.0666,-29.17%
high_school_geography,Falcon,Falcon3-10B-Base,0.7980,0.8081,+1.27%,0.0166,0.0380,+128.89%
high_school_government_and_politics,Falcon,Falcon3-10B-Base,0.7927,0.8342,+5.23%,0.1011,0.0456,-54.88%
high_school_macroeconomics,Falcon,Falcon3-10B-Base,0.7179,0.7179,+0.00%,0.0551,0.0271,-50.78%
high_school_mathematics,Falcon,Falcon3-10B-Base,0.4296,0.4222,-1.72%,0.1712,0.0640,-62.60%
high_school_microeconomics,Falcon,Falcon3-10B-Base,0.8277,0.8361,+1.02%,0.0283,0.0351,+24.16%
high_school_physics,Falcon,Falcon3-10B-Base,0.5430,0.5430,+0.00%,0.0886,0.0281,-68.25%
high_school_psychology,Falcon,Falcon3-10B-Base,0.8330,0.8459,+1.54%,0.0751,0.0562,-25.10%
high_school_statistics,Falcon,Falcon3-10B-Base,0.6620,0.6481,-2.10%,0.0841,0.0663,-21.24%
high_school_us_history,Falcon,Falcon3-10B-Base,0.7500,0.7598,+1.31%,0.1307,0.0846,-35.26%
high_school_world_history,Falcon,Falcon3-10B-Base,0.7932,0.8186,+3.19%,0.1111,0.0671,-39.55%
human_aging,Falcon,Falcon3-10B-Base,0.7444,0.7489,+0.60%,0.1265,0.0642,-49.29%
human_sexuality,Falcon,Falcon3-10B-Base,0.7176,0.7023,-2.13%,0.0654,0.0686,+5.00%
international_law,Falcon,Falcon3-10B-Base,0.8182,0.8099,-1.01%,0.1522,0.1037,-31.88%
jurisprudence,Falcon,Falcon3-10B-Base,0.7130,0.7037,-1.30%,0.0492,0.0632,+28.53%
logical_fallacies,Falcon,Falcon3-10B-Base,0.7423,0.7239,-2.48%,0.0273,0.0702,+157.03%
machine_learning,Falcon,Falcon3-10B-Base,0.5536,0.5179,-6.45%,0.1780,0.0932,-47.64%
management,Falcon,Falcon3-10B-Base,0.6893,0.6893,+0.00%,0.1575,0.1471,-6.64%
marketing,Falcon,Falcon3-10B-Base,0.8590,0.8462,-1.49%,0.0365,0.0614,+68.15%
medical_genetics,Falcon,Falcon3-10B-Base,0.7500,0.7100,-5.33%,0.1083,0.1198,+10.57%
miscellaneous,Falcon,Falcon3-10B-Base,0.7893,0.7995,+1.29%,0.0734,0.0311,-57.56%
moral_disputes,Falcon,Falcon3-10B-Base,0.6821,0.6879,+0.85%,0.0296,0.0320,+7.98%
moral_scenarios,Falcon,Falcon3-10B-Base,0.2994,0.4391,+46.64%,0.4015,0.0905,-77.47%
nutrition,Falcon,Falcon3-10B-Base,0.7092,0.7190,+1.38%,0.0675,0.0485,-28.12%
philosophy,Falcon,Falcon3-10B-Base,0.7042,0.7074,+0.46%,0.0644,0.0730,+13.33%
prehistory,Falcon,Falcon3-10B-Base,0.7191,0.7407,+3.00%,0.0348,0.0410,+17.81%
professional_accounting,Falcon,Falcon3-10B-Base,0.5071,0.5319,+4.90%,0.1044,0.0496,-52.48%
professional_law,Falcon,Falcon3-10B-Base,0.4980,0.4974,-0.13%,0.0852,0.0664,-22.15%
professional_medicine,Falcon,Falcon3-10B-Base,0.6360,0.6581,+3.47%,0.1504,0.1202,-20.08%
professional_psychology,Falcon,Falcon3-10B-Base,0.6961,0.7075,+1.64%,0.0997,0.0812,-18.60%
public_relations,Falcon,Falcon3-10B-Base,0.6818,0.6727,-1.33%,0.1071,0.0905,-15.46%
security_studies,Falcon,Falcon3-10B-Base,0.7061,0.7102,+0.58%,0.0550,0.0372,-32.31%
sociology,Falcon,Falcon3-10B-Base,0.8060,0.8507,+5.56%,0.1531,0.0714,-53.37%
us_foreign_policy,Falcon,Falcon3-10B-Base,0.8500,0.8500,+0.00%,0.0930,0.0537,-42.27%
virology,Falcon,Falcon3-10B-Base,0.5120,0.5241,+2.35%,0.0495,0.0673,+36.04%
world_religions,Falcon,Falcon3-10B-Base,0.8246,0.8070,-2.13%,0.1377,0.1177,-14.54%
abstract_algebra,Falcon,Falcon3-10B-Instruct,0.4000,0.3900,-2.50%,0.1772,0.1019,-42.50%
anatomy,Falcon,Falcon3-10B-Instruct,0.5704,0.5926,+3.90%,0.1529,0.0534,-65.06%
astronomy,Falcon,Falcon3-10B-Instruct,0.7566,0.7763,+2.61%,0.0791,0.0532,-32.79%
business_ethics,Falcon,Falcon3-10B-Instruct,0.6100,0.6300,+3.28%,0.0855,0.0229,-73.18%
clinical_knowledge,Falcon,Falcon3-10B-Instruct,0.7132,0.7321,+2.65%,0.1357,0.0485,-64.24%
college_biology,Falcon,Falcon3-10B-Instruct,0.8194,0.8472,+3.39%,0.1035,0.0393,-62.02%
college_chemistry,Falcon,Falcon3-10B-Instruct,0.4900,0.5700,+16.33%,0.1924,0.0344,-82.10%
college_computer_science,Falcon,Falcon3-10B-Instruct,0.5500,0.5000,-9.09%,0.0811,0.0598,-26.36%
college_mathematics,Falcon,Falcon3-10B-Instruct,0.4100,0.4100,+0.00%,0.1659,0.1903,+14.69%
college_medicine,Falcon,Falcon3-10B-Instruct,0.6127,0.6590,+7.55%,0.1492,0.0310,-79.19%
college_physics,Falcon,Falcon3-10B-Instruct,0.4510,0.5098,+13.04%,0.3020,0.0495,-83.60%
computer_security,Falcon,Falcon3-10B-Instruct,0.7300,0.7700,+5.48%,0.1418,0.0610,-56.96%
conceptual_physics,Falcon,Falcon3-10B-Instruct,0.7106,0.7532,+5.99%,0.1028,0.0452,-56.01%
econometrics,Falcon,Falcon3-10B-Instruct,0.5439,0.5702,+4.84%,0.0573,0.0640,+11.62%
electrical_engineering,Falcon,Falcon3-10B-Instruct,0.6966,0.6966,+0.00%,0.1310,0.1101,-15.92%
elementary_mathematics,Falcon,Falcon3-10B-Instruct,0.5026,0.5370,+6.84%,0.1164,0.0255,-78.12%
formal_logic,Falcon,Falcon3-10B-Instruct,0.4921,0.4524,-8.06%,0.0725,0.1466,+102.26%
global_facts,Falcon,Falcon3-10B-Instruct,0.3900,0.4400,+12.82%,0.2722,0.0593,-78.22%
high_school_biology,Falcon,Falcon3-10B-Instruct,0.7516,0.8000,+6.44%,0.1137,0.0246,-78.33%
high_school_chemistry,Falcon,Falcon3-10B-Instruct,0.5862,0.5862,+0.00%,0.0568,0.1253,+120.62%
high_school_computer_science,Falcon,Falcon3-10B-Instruct,0.6900,0.7300,+5.80%,0.0583,0.1008,+73.01%
high_school_european_history,Falcon,Falcon3-10B-Instruct,0.7212,0.7515,+4.20%,0.0622,0.0399,-35.94%
high_school_geography,Falcon,Falcon3-10B-Instruct,0.7576,0.8030,+6.00%,0.1006,0.0508,-49.52%
high_school_government_and_politics,Falcon,Falcon3-10B-Instruct,0.8290,0.8860,+6.88%,0.0464,0.0346,-25.36%
high_school_macroeconomics,Falcon,Falcon3-10B-Instruct,0.7026,0.7359,+4.74%,0.0901,0.0430,-52.25%
high_school_mathematics,Falcon,Falcon3-10B-Instruct,0.4148,0.3889,-6.25%,0.1289,0.0347,-73.08%
high_school_microeconomics,Falcon,Falcon3-10B-Instruct,0.7899,0.8571,+8.51%,0.0349,0.0454,+29.97%
high_school_physics,Falcon,Falcon3-10B-Instruct,0.4503,0.4967,+10.29%,0.1481,0.0529,-64.30%
high_school_psychology,Falcon,Falcon3-10B-Instruct,0.6642,0.8128,+22.38%,0.1690,0.0285,-83.16%
high_school_statistics,Falcon,Falcon3-10B-Instruct,0.5000,0.6019,+20.37%,0.1162,0.0891,-23.28%
high_school_us_history,Falcon,Falcon3-10B-Instruct,0.7108,0.7598,+6.90%,0.1126,0.0545,-51.55%
high_school_world_history,Falcon,Falcon3-10B-Instruct,0.7300,0.7975,+9.25%,0.1231,0.0253,-79.47%
human_aging,Falcon,Falcon3-10B-Instruct,0.6771,0.7175,+5.96%,0.1757,0.0426,-75.78%
human_sexuality,Falcon,Falcon3-10B-Instruct,0.6489,0.6794,+4.71%,0.1416,0.1078,-23.86%
international_law,Falcon,Falcon3-10B-Instruct,0.7521,0.7934,+5.49%,0.0666,0.0762,+14.42%
jurisprudence,Falcon,Falcon3-10B-Instruct,0.6852,0.7315,+6.76%,0.0482,0.0940,+95.18%
logical_fallacies,Falcon,Falcon3-10B-Instruct,0.6810,0.7055,+3.60%,0.0536,0.1015,+89.39%
machine_learning,Falcon,Falcon3-10B-Instruct,0.5536,0.5357,-3.23%,0.1061,0.0588,-44.58%
management,Falcon,Falcon3-10B-Instruct,0.6602,0.7379,+11.76%,0.1083,0.0910,-16.02%
marketing,Falcon,Falcon3-10B-Instruct,0.7735,0.8333,+7.73%,0.0687,0.0869,+26.60%
medical_genetics,Falcon,Falcon3-10B-Instruct,0.7700,0.7700,+0.00%,0.0743,0.1288,+73.39%
miscellaneous,Falcon,Falcon3-10B-Instruct,0.6679,0.7612,+13.96%,0.1459,0.0332,-77.25%
moral_disputes,Falcon,Falcon3-10B-Instruct,0.6474,0.6676,+3.12%,0.0869,0.0451,-48.11%
moral_scenarios,Falcon,Falcon3-10B-Instruct,0.3821,0.4112,+7.60%,0.3492,0.2774,-20.55%
nutrition,Falcon,Falcon3-10B-Instruct,0.6863,0.7026,+2.38%,0.0851,0.0506,-40.54%
philosophy,Falcon,Falcon3-10B-Instruct,0.6881,0.7299,+6.07%,0.0249,0.1142,+358.20%
prehistory,Falcon,Falcon3-10B-Instruct,0.6698,0.7160,+6.91%,0.0642,0.0643,+0.23%
professional_accounting,Falcon,Falcon3-10B-Instruct,0.4965,0.5213,+5.00%,0.1440,0.0728,-49.44%
professional_law,Falcon,Falcon3-10B-Instruct,0.4628,0.5013,+8.31%,0.1227,0.0600,-51.10%
professional_medicine,Falcon,Falcon3-10B-Instruct,0.5993,0.6801,+13.50%,0.0620,0.1117,+80.15%
professional_psychology,Falcon,Falcon3-10B-Instruct,0.6356,0.6977,+9.77%,0.0903,0.0490,-45.70%
public_relations,Falcon,Falcon3-10B-Instruct,0.5636,0.5818,+3.23%,0.1414,0.0288,-79.60%
security_studies,Falcon,Falcon3-10B-Instruct,0.6857,0.6980,+1.79%,0.0784,0.1266,+61.61%
sociology,Falcon,Falcon3-10B-Instruct,0.7861,0.8408,+6.96%,0.0815,0.0252,-69.07%
us_foreign_policy,Falcon,Falcon3-10B-Instruct,0.8400,0.8500,+1.19%,0.0688,0.1136,+65.24%
virology,Falcon,Falcon3-10B-Instruct,0.4880,0.5060,+3.70%,0.0775,0.0827,+6.59%
world_religions,Falcon,Falcon3-10B-Instruct,0.7135,0.7953,+11.48%,0.1936,0.0206,-89.34%
abstract_algebra,Falcon,Falcon3-3B-Base,0.3000,0.3400,+13.33%,0.3279,0.0925,-71.78%
anatomy,Falcon,Falcon3-3B-Base,0.4370,0.5111,+16.95%,0.1984,0.0489,-75.36%
astronomy,Falcon,Falcon3-3B-Base,0.4671,0.5329,+14.08%,0.1149,0.0305,-73.46%
business_ethics,Falcon,Falcon3-3B-Base,0.4500,0.4700,+4.44%,0.1379,0.0552,-59.98%
clinical_knowledge,Falcon,Falcon3-3B-Base,0.4981,0.5208,+4.55%,0.2624,0.0922,-64.86%
college_biology,Falcon,Falcon3-3B-Base,0.5139,0.5417,+5.41%,0.2256,0.0400,-82.28%
college_chemistry,Falcon,Falcon3-3B-Base,0.3400,0.3700,+8.82%,0.1657,0.0505,-69.50%
college_computer_science,Falcon,Falcon3-3B-Base,0.4000,0.3700,-7.50%,0.1680,0.0707,-57.92%
college_mathematics,Falcon,Falcon3-3B-Base,0.3400,0.3300,-2.94%,0.2117,0.0874,-58.73%
college_medicine,Falcon,Falcon3-3B-Base,0.5029,0.5260,+4.60%,0.1604,0.0420,-73.83%
college_physics,Falcon,Falcon3-3B-Base,0.2549,0.2451,-3.85%,0.2350,0.0764,-67.50%
computer_security,Falcon,Falcon3-3B-Base,0.6000,0.6600,+10.00%,0.2967,0.0537,-81.89%
conceptual_physics,Falcon,Falcon3-3B-Base,0.4723,0.5277,+11.71%,0.1847,0.0657,-64.44%
econometrics,Falcon,Falcon3-3B-Base,0.3684,0.3684,+0.00%,0.1955,0.0684,-65.01%
electrical_engineering,Falcon,Falcon3-3B-Base,0.4621,0.5724,+23.88%,0.2050,0.0826,-59.71%
elementary_mathematics,Falcon,Falcon3-3B-Base,0.3783,0.3889,+2.80%,0.1904,0.0723,-62.04%
formal_logic,Falcon,Falcon3-3B-Base,0.3968,0.3968,+0.00%,0.1133,0.1576,+39.13%
global_facts,Falcon,Falcon3-3B-Base,0.2200,0.2700,+22.73%,0.3033,0.0381,-87.43%
high_school_biology,Falcon,Falcon3-3B-Base,0.5129,0.5677,+10.69%,0.1470,0.0270,-81.66%
high_school_chemistry,Falcon,Falcon3-3B-Base,0.4286,0.4926,+14.94%,0.1806,0.0723,-59.95%
high_school_computer_science,Falcon,Falcon3-3B-Base,0.5500,0.5700,+3.64%,0.1508,0.0766,-49.24%
high_school_european_history,Falcon,Falcon3-3B-Base,0.6000,0.6061,+1.01%,0.0418,0.0422,+1.16%
high_school_geography,Falcon,Falcon3-3B-Base,0.5657,0.5960,+5.36%,0.0989,0.0788,-20.31%
high_school_government_and_politics,Falcon,Falcon3-3B-Base,0.5181,0.6010,+16.00%,0.1386,0.0527,-61.98%
high_school_macroeconomics,Falcon,Falcon3-3B-Base,0.4333,0.5308,+22.49%,0.2596,0.0444,-82.88%
high_school_mathematics,Falcon,Falcon3-3B-Base,0.3074,0.3185,+3.61%,0.2404,0.0854,-64.47%
high_school_microeconomics,Falcon,Falcon3-3B-Base,0.5126,0.5630,+9.84%,0.1702,0.0459,-73.05%
high_school_physics,Falcon,Falcon3-3B-Base,0.3245,0.3642,+12.24%,0.2228,0.0672,-69.86%
high_school_psychology,Falcon,Falcon3-3B-Base,0.6404,0.6642,+3.72%,0.1553,0.0747,-51.89%
high_school_statistics,Falcon,Falcon3-3B-Base,0.4120,0.4676,+13.48%,0.1127,0.0206,-81.68%
high_school_us_history,Falcon,Falcon3-3B-Base,0.5980,0.6324,+5.74%,0.0921,0.0639,-30.68%
high_school_world_history,Falcon,Falcon3-3B-Base,0.6624,0.6667,+0.64%,0.0998,0.0703,-29.60%
human_aging,Falcon,Falcon3-3B-Base,0.5650,0.5874,+3.97%,0.2078,0.1226,-40.97%
human_sexuality,Falcon,Falcon3-3B-Base,0.5038,0.5115,+1.52%,0.1820,0.0923,-49.32%
international_law,Falcon,Falcon3-3B-Base,0.5537,0.6281,+13.43%,0.1803,0.1050,-41.76%
jurisprudence,Falcon,Falcon3-3B-Base,0.5000,0.5556,+11.11%,0.1574,0.0683,-56.61%
logical_fallacies,Falcon,Falcon3-3B-Base,0.5951,0.5706,-4.12%,0.1296,0.0707,-45.46%
machine_learning,Falcon,Falcon3-3B-Base,0.3839,0.3393,-11.63%,0.2748,0.0690,-74.90%
management,Falcon,Falcon3-3B-Base,0.5243,0.5631,+7.41%,0.1475,0.1183,-19.78%
marketing,Falcon,Falcon3-3B-Base,0.7222,0.7393,+2.37%,0.0808,0.0699,-13.55%
medical_genetics,Falcon,Falcon3-3B-Base,0.5200,0.5200,+0.00%,0.2155,0.0978,-54.62%
miscellaneous,Falcon,Falcon3-3B-Base,0.5722,0.6194,+8.26%,0.2100,0.0924,-56.01%
moral_disputes,Falcon,Falcon3-3B-Base,0.5029,0.5462,+8.62%,0.2186,0.0240,-89.01%
moral_scenarios,Falcon,Falcon3-3B-Base,0.2346,0.2246,-4.29%,0.4055,0.0576,-85.80%
nutrition,Falcon,Falcon3-3B-Base,0.4902,0.5131,+4.67%,0.2210,0.0388,-82.43%
philosophy,Falcon,Falcon3-3B-Base,0.4727,0.5466,+15.65%,0.1540,0.0472,-69.33%
prehistory,Falcon,Falcon3-3B-Base,0.4815,0.5278,+9.62%,0.1523,0.0236,-84.49%
professional_accounting,Falcon,Falcon3-3B-Base,0.3050,0.3440,+12.79%,0.2082,0.0559,-73.16%
professional_law,Falcon,Falcon3-3B-Base,0.3514,0.3592,+2.23%,0.1647,0.0336,-79.63%
professional_medicine,Falcon,Falcon3-3B-Base,0.4154,0.4596,+10.62%,0.2036,0.0788,-61.28%
professional_psychology,Falcon,Falcon3-3B-Base,0.4690,0.4820,+2.79%,0.2012,0.0781,-61.18%
public_relations,Falcon,Falcon3-3B-Base,0.4545,0.5364,+18.00%,0.2256,0.0510,-77.38%
security_studies,Falcon,Falcon3-3B-Base,0.4653,0.5347,+14.91%,0.2531,0.0595,-76.50%
sociology,Falcon,Falcon3-3B-Base,0.5771,0.6468,+12.07%,0.2014,0.0765,-62.02%
us_foreign_policy,Falcon,Falcon3-3B-Base,0.6100,0.6200,+1.64%,0.1960,0.0784,-59.98%
virology,Falcon,Falcon3-3B-Base,0.4398,0.4458,+1.37%,0.1079,0.0657,-39.08%
world_religions,Falcon,Falcon3-3B-Base,0.6082,0.6550,+7.69%,0.2393,0.0990,-58.63%
abstract_algebra,Falcon,Falcon3-3B-Instruct,0.3300,0.3600,+9.09%,0.2535,0.1152,-54.55%
anatomy,Falcon,Falcon3-3B-Instruct,0.5333,0.5185,-2.78%,0.1287,0.0805,-37.44%
astronomy,Falcon,Falcon3-3B-Instruct,0.5855,0.6316,+7.87%,0.0901,0.0492,-45.43%
business_ethics,Falcon,Falcon3-3B-Instruct,0.4800,0.5000,+4.17%,0.1832,0.0546,-70.21%
clinical_knowledge,Falcon,Falcon3-3B-Instruct,0.5509,0.5623,+2.05%,0.1646,0.0826,-49.83%
college_biology,Falcon,Falcon3-3B-Instruct,0.6250,0.6458,+3.33%,0.0478,0.0709,+48.35%
college_chemistry,Falcon,Falcon3-3B-Instruct,0.4300,0.4000,-6.98%,0.1900,0.1166,-38.62%
college_computer_science,Falcon,Falcon3-3B-Instruct,0.5200,0.5000,-3.85%,0.1309,0.0598,-54.37%
college_mathematics,Falcon,Falcon3-3B-Instruct,0.3900,0.3700,-5.13%,0.1280,0.1127,-11.98%
college_medicine,Falcon,Falcon3-3B-Instruct,0.5376,0.5318,-1.08%,0.1380,0.0904,-34.54%
college_physics,Falcon,Falcon3-3B-Instruct,0.2941,0.3235,+10.00%,0.2422,0.1071,-55.79%
computer_security,Falcon,Falcon3-3B-Instruct,0.7600,0.7600,+0.00%,0.1007,0.0749,-25.59%
conceptual_physics,Falcon,Falcon3-3B-Instruct,0.6170,0.6426,+4.14%,0.0964,0.0300,-68.92%
econometrics,Falcon,Falcon3-3B-Instruct,0.4561,0.4474,-1.92%,0.1000,0.0965,-3.49%
electrical_engineering,Falcon,Falcon3-3B-Instruct,0.5448,0.6207,+13.92%,0.1409,0.1160,-17.69%
elementary_mathematics,Falcon,Falcon3-3B-Instruct,0.4471,0.4444,-0.59%,0.1783,0.0991,-44.42%
formal_logic,Falcon,Falcon3-3B-Instruct,0.4841,0.4524,-6.56%,0.1131,0.0506,-55.25%
global_facts,Falcon,Falcon3-3B-Instruct,0.2600,0.3000,+15.38%,0.2715,0.0984,-63.75%
high_school_biology,Falcon,Falcon3-3B-Instruct,0.6194,0.6097,-1.56%,0.1095,0.0654,-40.25%
high_school_chemistry,Falcon,Falcon3-3B-Instruct,0.4926,0.5320,+8.00%,0.1369,0.0169,-87.65%
high_school_computer_science,Falcon,Falcon3-3B-Instruct,0.6000,0.6700,+11.67%,0.0420,0.0578,+37.64%
high_school_european_history,Falcon,Falcon3-3B-Instruct,0.6606,0.6848,+3.67%,0.0683,0.0522,-23.59%
high_school_geography,Falcon,Falcon3-3B-Instruct,0.6566,0.6313,-3.85%,0.0820,0.0414,-49.46%
high_school_government_and_politics,Falcon,Falcon3-3B-Instruct,0.6528,0.6528,+0.00%,0.0374,0.0426,+13.93%
high_school_macroeconomics,Falcon,Falcon3-3B-Instruct,0.5538,0.5410,-2.31%,0.1191,0.0626,-47.41%
high_school_mathematics,Falcon,Falcon3-3B-Instruct,0.3333,0.3704,+11.11%,0.1440,0.0691,-52.00%
high_school_microeconomics,Falcon,Falcon3-3B-Instruct,0.6555,0.6597,+0.64%,0.0363,0.0223,-38.58%
high_school_physics,Falcon,Falcon3-3B-Instruct,0.3974,0.4106,+3.33%,0.1347,0.0575,-57.33%
high_school_psychology,Falcon,Falcon3-3B-Instruct,0.7303,0.7358,+0.75%,0.0436,0.0243,-44.33%
high_school_statistics,Falcon,Falcon3-3B-Instruct,0.4722,0.4769,+0.98%,0.1024,0.0239,-76.68%
high_school_us_history,Falcon,Falcon3-3B-Instruct,0.6618,0.6814,+2.96%,0.1089,0.0455,-58.23%
high_school_world_history,Falcon,Falcon3-3B-Instruct,0.6793,0.7131,+4.97%,0.0973,0.0448,-54.00%
human_aging,Falcon,Falcon3-3B-Instruct,0.5964,0.6368,+6.77%,0.0807,0.0395,-51.04%
human_sexuality,Falcon,Falcon3-3B-Instruct,0.5802,0.6031,+3.95%,0.0842,0.0738,-12.42%
international_law,Falcon,Falcon3-3B-Instruct,0.5785,0.6281,+8.57%,0.0918,0.0933,+1.68%
jurisprudence,Falcon,Falcon3-3B-Instruct,0.5556,0.5648,+1.67%,0.1091,0.0043,-96.10%
logical_fallacies,Falcon,Falcon3-3B-Instruct,0.6380,0.6319,-0.96%,0.1008,0.0657,-34.79%
machine_learning,Falcon,Falcon3-3B-Instruct,0.4554,0.4196,-7.84%,0.1855,0.1221,-34.14%
management,Falcon,Falcon3-3B-Instruct,0.5825,0.6311,+8.33%,0.0840,0.1075,+28.01%
marketing,Falcon,Falcon3-3B-Instruct,0.7735,0.7863,+1.66%,0.0661,0.0709,+7.26%
medical_genetics,Falcon,Falcon3-3B-Instruct,0.5800,0.6300,+8.62%,0.0733,0.0661,-9.77%
miscellaneous,Falcon,Falcon3-3B-Instruct,0.6705,0.6782,+1.14%,0.0493,0.0327,-33.72%
moral_disputes,Falcon,Falcon3-3B-Instruct,0.5405,0.5780,+6.95%,0.0445,0.0275,-38.26%
moral_scenarios,Falcon,Falcon3-3B-Instruct,0.2067,0.2089,+1.08%,0.2909,0.1501,-48.38%
nutrition,Falcon,Falcon3-3B-Instruct,0.5882,0.6111,+3.89%,0.1284,0.0608,-52.67%
philosophy,Falcon,Falcon3-3B-Instruct,0.5627,0.5723,+1.71%,0.0388,0.0773,+99.53%
prehistory,Falcon,Falcon3-3B-Instruct,0.5679,0.5772,+1.63%,0.0506,0.0192,-62.03%
professional_accounting,Falcon,Falcon3-3B-Instruct,0.3511,0.3794,+8.08%,0.0864,0.0236,-72.67%
professional_law,Falcon,Falcon3-3B-Instruct,0.3683,0.3794,+3.01%,0.1104,0.0332,-69.97%
professional_medicine,Falcon,Falcon3-3B-Instruct,0.5625,0.5588,-0.65%,0.1018,0.0513,-49.67%
professional_psychology,Falcon,Falcon3-3B-Instruct,0.4935,0.5082,+2.98%,0.0506,0.0237,-53.11%
public_relations,Falcon,Falcon3-3B-Instruct,0.6091,0.6455,+5.97%,0.0714,0.0890,+24.66%
security_studies,Falcon,Falcon3-3B-Instruct,0.6000,0.6041,+0.68%,0.1763,0.1029,-41.65%
sociology,Falcon,Falcon3-3B-Instruct,0.7463,0.7214,-3.33%,0.0872,0.0632,-27.59%
us_foreign_policy,Falcon,Falcon3-3B-Instruct,0.6500,0.6500,+0.00%,0.0761,0.0485,-36.27%
virology,Falcon,Falcon3-3B-Instruct,0.4458,0.4699,+5.41%,0.1568,0.1017,-35.10%
world_religions,Falcon,Falcon3-3B-Instruct,0.6667,0.6667,+0.00%,0.0732,0.0572,-21.88%
abstract_algebra,Llama,Llama-2-13b-chat-hf,0.3300,0.2700,-18.18%,0.3501,0.1084,-69.05%
anatomy,Llama,Llama-2-13b-chat-hf,0.5037,0.5111,+1.47%,0.1718,0.1541,-10.30%
astronomy,Llama,Llama-2-13b-chat-hf,0.5658,0.5658,+0.00%,0.1903,0.1097,-42.36%
business_ethics,Llama,Llama-2-13b-chat-hf,0.4700,0.5200,+10.64%,0.2283,0.0824,-63.92%
clinical_knowledge,Llama,Llama-2-13b-chat-hf,0.5321,0.5698,+7.09%,0.1290,0.1460,+13.21%
college_biology,Llama,Llama-2-13b-chat-hf,0.5278,0.5208,-1.32%,0.1091,0.0823,-24.57%
college_chemistry,Llama,Llama-2-13b-chat-hf,0.3200,0.4100,+28.12%,0.2963,0.1137,-61.64%
college_computer_science,Llama,Llama-2-13b-chat-hf,0.3900,0.4300,+10.26%,0.2705,0.0768,-71.60%
college_mathematics,Llama,Llama-2-13b-chat-hf,0.2500,0.3100,+24.00%,0.3001,0.0969,-67.72%
college_medicine,Llama,Llama-2-13b-chat-hf,0.3931,0.4624,+17.65%,0.1367,0.1351,-1.18%
college_physics,Llama,Llama-2-13b-chat-hf,0.2451,0.3039,+24.00%,0.2392,0.1076,-54.99%
computer_security,Llama,Llama-2-13b-chat-hf,0.6400,0.6700,+4.69%,0.1441,0.0767,-46.75%
conceptual_physics,Llama,Llama-2-13b-chat-hf,0.3574,0.3915,+9.52%,0.2169,0.0964,-55.56%
econometrics,Llama,Llama-2-13b-chat-hf,0.3070,0.3158,+2.86%,0.2077,0.1468,-29.32%
electrical_engineering,Llama,Llama-2-13b-chat-hf,0.4759,0.4966,+4.35%,0.1914,0.1173,-38.71%
elementary_mathematics,Llama,Llama-2-13b-chat-hf,0.2831,0.3254,+14.95%,0.2518,0.0954,-62.09%
formal_logic,Llama,Llama-2-13b-chat-hf,0.2540,0.3016,+18.75%,0.2193,0.0651,-70.31%
global_facts,Llama,Llama-2-13b-chat-hf,0.3100,0.3000,-3.23%,0.3673,0.1426,-61.19%
high_school_biology,Llama,Llama-2-13b-chat-hf,0.5774,0.6032,+4.47%,0.0896,0.0393,-56.13%
high_school_chemistry,Llama,Llama-2-13b-chat-hf,0.4089,0.3892,-4.82%,0.2212,0.1419,-35.87%
high_school_computer_science,Llama,Llama-2-13b-chat-hf,0.4500,0.4300,-4.44%,0.1317,0.0943,-28.36%
high_school_european_history,Llama,Llama-2-13b-chat-hf,0.5697,0.5818,+2.13%,0.1777,0.0854,-51.97%
high_school_geography,Llama,Llama-2-13b-chat-hf,0.6212,0.6515,+4.88%,0.1562,0.1241,-20.55%
high_school_government_and_politics,Llama,Llama-2-13b-chat-hf,0.6891,0.6943,+0.75%,0.1222,0.0763,-37.56%
high_school_macroeconomics,Llama,Llama-2-13b-chat-hf,0.4513,0.4923,+9.09%,0.1819,0.0678,-62.72%
high_school_mathematics,Llama,Llama-2-13b-chat-hf,0.2741,0.2852,+4.05%,0.2979,0.0887,-70.21%
high_school_microeconomics,Llama,Llama-2-13b-chat-hf,0.4244,0.4958,+16.83%,0.2077,0.0774,-62.74%
high_school_physics,Llama,Llama-2-13b-chat-hf,0.3311,0.3709,+12.00%,0.2382,0.1180,-50.46%
high_school_psychology,Llama,Llama-2-13b-chat-hf,0.6569,0.6789,+3.35%,0.1125,0.0816,-27.47%
high_school_statistics,Llama,Llama-2-13b-chat-hf,0.3472,0.3750,+8.00%,0.2688,0.1260,-53.14%
high_school_us_history,Llama,Llama-2-13b-chat-hf,0.6422,0.6176,-3.82%,0.1388,0.1405,+1.20%
high_school_world_history,Llama,Llama-2-13b-chat-hf,0.6835,0.6709,-1.85%,0.1268,0.1061,-16.35%
human_aging,Llama,Llama-2-13b-chat-hf,0.5695,0.5381,-5.51%,0.1354,0.1346,-0.60%
human_sexuality,Llama,Llama-2-13b-chat-hf,0.5344,0.5725,+7.14%,0.2119,0.1717,-18.99%
international_law,Llama,Llama-2-13b-chat-hf,0.6694,0.6694,+0.00%,0.2588,0.1091,-57.85%
jurisprudence,Llama,Llama-2-13b-chat-hf,0.5648,0.5833,+3.28%,0.1703,0.1169,-31.34%
logical_fallacies,Llama,Llama-2-13b-chat-hf,0.5890,0.5890,+0.00%,0.1932,0.1562,-19.13%
machine_learning,Llama,Llama-2-13b-chat-hf,0.2857,0.3125,+9.38%,0.2601,0.1170,-55.02%
management,Llama,Llama-2-13b-chat-hf,0.6019,0.5825,-3.23%,0.0984,0.0852,-13.41%
marketing,Llama,Llama-2-13b-chat-hf,0.7265,0.7479,+2.94%,0.1603,0.0945,-41.06%
medical_genetics,Llama,Llama-2-13b-chat-hf,0.5700,0.5000,-12.28%,0.0591,0.1021,+72.67%
miscellaneous,Llama,Llama-2-13b-chat-hf,0.7075,0.7139,+0.90%,0.1064,0.0897,-15.69%
moral_disputes,Llama,Llama-2-13b-chat-hf,0.4884,0.5145,+5.33%,0.1780,0.1025,-42.43%
moral_scenarios,Llama,Llama-2-13b-chat-hf,0.2514,0.3073,+22.22%,0.2769,0.0820,-70.40%
nutrition,Llama,Llama-2-13b-chat-hf,0.5425,0.5588,+3.01%,0.1482,0.0785,-47.04%
philosophy,Llama,Llama-2-13b-chat-hf,0.5723,0.5788,+1.12%,0.1648,0.0844,-48.80%
prehistory,Llama,Llama-2-13b-chat-hf,0.5741,0.5741,+0.00%,0.1566,0.0974,-37.82%
professional_accounting,Llama,Llama-2-13b-chat-hf,0.3972,0.3865,-2.68%,0.2437,0.1221,-49.89%
professional_law,Llama,Llama-2-13b-chat-hf,0.3898,0.3990,+2.34%,0.2083,0.0913,-56.18%
professional_medicine,Llama,Llama-2-13b-chat-hf,0.4375,0.5000,+14.29%,0.1608,0.0841,-47.70%
professional_psychology,Llama,Llama-2-13b-chat-hf,0.5000,0.4935,-1.31%,0.1560,0.0965,-38.16%
public_relations,Llama,Llama-2-13b-chat-hf,0.6000,0.6091,+1.52%,0.1595,0.0958,-39.93%
security_studies,Llama,Llama-2-13b-chat-hf,0.5347,0.5306,-0.76%,0.1579,0.1411,-10.63%
sociology,Llama,Llama-2-13b-chat-hf,0.6716,0.6766,+0.74%,0.0707,0.0939,+32.85%
us_foreign_policy,Llama,Llama-2-13b-chat-hf,0.7500,0.7500,+0.00%,0.0856,0.1399,+63.41%
virology,Llama,Llama-2-13b-chat-hf,0.4096,0.4157,+1.47%,0.1467,0.1309,-10.76%
world_religions,Llama,Llama-2-13b-chat-hf,0.6959,0.7076,+1.68%,0.1421,0.0562,-60.43%
abstract_algebra,Llama,Llama-2-13b-hf,0.3100,0.3200,+3.23%,0.2106,0.1552,-26.31%
anatomy,Llama,Llama-2-13b-hf,0.4741,0.4444,-6.25%,0.1747,0.1277,-26.92%
astronomy,Llama,Llama-2-13b-hf,0.4868,0.5066,+4.05%,0.1055,0.0673,-36.26%
business_ethics,Llama,Llama-2-13b-hf,0.4200,0.4400,+4.76%,0.2233,0.0553,-75.24%
clinical_knowledge,Llama,Llama-2-13b-hf,0.5321,0.5623,+5.67%,0.1323,0.0732,-44.68%
college_biology,Llama,Llama-2-13b-hf,0.4861,0.4861,+0.00%,0.1133,0.0394,-65.21%
college_chemistry,Llama,Llama-2-13b-hf,0.2900,0.3300,+13.79%,0.1818,0.0477,-73.78%
college_computer_science,Llama,Llama-2-13b-hf,0.3300,0.3500,+6.06%,0.2548,0.0484,-80.99%
college_mathematics,Llama,Llama-2-13b-hf,0.3000,0.3200,+6.67%,0.1960,0.0872,-55.52%
college_medicine,Llama,Llama-2-13b-hf,0.4971,0.4855,-2.33%,0.1483,0.1459,-1.65%
college_physics,Llama,Llama-2-13b-hf,0.2647,0.2549,-3.70%,0.1948,0.0763,-60.82%
computer_security,Llama,Llama-2-13b-hf,0.6200,0.6400,+3.23%,0.1125,0.0855,-24.01%
conceptual_physics,Llama,Llama-2-13b-hf,0.3745,0.4128,+10.23%,0.2330,0.0743,-68.13%
econometrics,Llama,Llama-2-13b-hf,0.2719,0.2719,+0.00%,0.2431,0.1257,-48.28%
electrical_engineering,Llama,Llama-2-13b-hf,0.5034,0.4966,-1.37%,0.1497,0.0718,-52.06%
elementary_mathematics,Llama,Llama-2-13b-hf,0.2989,0.3122,+4.42%,0.1709,0.0445,-73.99%
formal_logic,Llama,Llama-2-13b-hf,0.2778,0.3413,+22.86%,0.1177,0.0925,-21.40%
global_facts,Llama,Llama-2-13b-hf,0.3400,0.3400,+0.00%,0.3090,0.0934,-69.78%
high_school_biology,Llama,Llama-2-13b-hf,0.5710,0.6032,+5.65%,0.0991,0.0136,-86.29%
high_school_chemistry,Llama,Llama-2-13b-hf,0.4286,0.4138,-3.45%,0.2065,0.0369,-82.13%
high_school_computer_science,Llama,Llama-2-13b-hf,0.4700,0.4700,+0.00%,0.1404,0.0935,-33.40%
high_school_european_history,Llama,Llama-2-13b-hf,0.4788,0.5333,+11.39%,0.1614,0.0697,-56.79%
high_school_geography,Llama,Llama-2-13b-hf,0.5758,0.5808,+0.88%,0.0904,0.0271,-70.02%
high_school_government_and_politics,Llama,Llama-2-13b-hf,0.6425,0.6477,+0.81%,0.1110,0.0775,-30.16%
high_school_macroeconomics,Llama,Llama-2-13b-hf,0.4154,0.4308,+3.70%,0.1033,0.0210,-79.70%
high_school_mathematics,Llama,Llama-2-13b-hf,0.2593,0.2630,+1.43%,0.1978,0.0402,-79.65%
high_school_microeconomics,Llama,Llama-2-13b-hf,0.4958,0.5084,+2.54%,0.1004,0.0367,-63.39%
high_school_physics,Llama,Llama-2-13b-hf,0.2980,0.3377,+13.33%,0.1229,0.0290,-76.39%
high_school_psychology,Llama,Llama-2-13b-hf,0.5982,0.6514,+8.90%,0.1481,0.0690,-53.42%
high_school_statistics,Llama,Llama-2-13b-hf,0.3889,0.4259,+9.52%,0.1088,0.0729,-32.99%
high_school_us_history,Llama,Llama-2-13b-hf,0.5735,0.6127,+6.84%,0.1925,0.1147,-40.41%
high_school_world_history,Llama,Llama-2-13b-hf,0.5527,0.5738,+3.82%,0.1435,0.1008,-29.75%
human_aging,Llama,Llama-2-13b-hf,0.4978,0.5067,+1.80%,0.1867,0.1458,-21.92%
human_sexuality,Llama,Llama-2-13b-hf,0.5496,0.5725,+4.17%,0.1823,0.0934,-48.80%
international_law,Llama,Llama-2-13b-hf,0.6529,0.6446,-1.27%,0.1881,0.0942,-49.94%
jurisprudence,Llama,Llama-2-13b-hf,0.6204,0.5741,-7.46%,0.1433,0.1066,-25.60%
logical_fallacies,Llama,Llama-2-13b-hf,0.4601,0.4724,+2.67%,0.1145,0.1225,+6.99%
machine_learning,Llama,Llama-2-13b-hf,0.3482,0.3393,-2.56%,0.1978,0.1638,-17.20%
management,Llama,Llama-2-13b-hf,0.4951,0.5340,+7.84%,0.2307,0.1262,-45.29%
marketing,Llama,Llama-2-13b-hf,0.6966,0.6667,-4.29%,0.1680,0.0989,-41.17%
medical_genetics,Llama,Llama-2-13b-hf,0.5500,0.5900,+7.27%,0.0965,0.0647,-32.98%
miscellaneous,Llama,Llama-2-13b-hf,0.6501,0.6692,+2.95%,0.1262,0.0627,-50.29%
moral_disputes,Llama,Llama-2-13b-hf,0.5029,0.5116,+1.72%,0.1661,0.0663,-60.09%
moral_scenarios,Llama,Llama-2-13b-hf,0.2682,0.2994,+11.67%,0.2999,0.0452,-84.94%
nutrition,Llama,Llama-2-13b-hf,0.5131,0.5065,-1.27%,0.1294,0.0648,-49.91%
philosophy,Llama,Llama-2-13b-hf,0.5659,0.6045,+6.82%,0.1538,0.0826,-46.27%
prehistory,Llama,Llama-2-13b-hf,0.5802,0.5772,-0.53%,0.1537,0.0697,-54.64%
professional_accounting,Llama,Llama-2-13b-hf,0.3901,0.3688,-5.45%,0.1396,0.0477,-65.79%
professional_law,Llama,Llama-2-13b-hf,0.4159,0.4309,+3.61%,0.1991,0.0908,-54.39%
professional_medicine,Llama,Llama-2-13b-hf,0.4191,0.4963,+18.42%,0.2125,0.0884,-58.38%
professional_psychology,Llama,Llama-2-13b-hf,0.4526,0.4788,+5.78%,0.1710,0.0622,-63.62%
public_relations,Llama,Llama-2-13b-hf,0.5182,0.5273,+1.75%,0.2304,0.0303,-86.84%
security_studies,Llama,Llama-2-13b-hf,0.5429,0.5388,-0.75%,0.1850,0.1501,-18.85%
sociology,Llama,Llama-2-13b-hf,0.6418,0.6567,+2.33%,0.0921,0.0535,-41.86%
us_foreign_policy,Llama,Llama-2-13b-hf,0.6700,0.6700,+0.00%,0.1836,0.1375,-25.11%
virology,Llama,Llama-2-13b-hf,0.3976,0.4036,+1.52%,0.0639,0.0604,-5.45%
world_religions,Llama,Llama-2-13b-hf,0.7076,0.7368,+4.13%,0.1467,0.0710,-51.64%
abstract_algebra,Llama,Llama-2-7b-chat-hf,0.2900,0.2800,-3.45%,0.1700,0.1933,+13.72%
anatomy,Llama,Llama-2-7b-chat-hf,0.4222,0.4370,+3.51%,0.2275,0.1699,-25.32%
astronomy,Llama,Llama-2-7b-chat-hf,0.4408,0.4342,-1.49%,0.1806,0.1193,-33.94%
business_ethics,Llama,Llama-2-7b-chat-hf,0.4200,0.4900,+16.67%,0.2439,0.0956,-60.81%
clinical_knowledge,Llama,Llama-2-7b-chat-hf,0.4679,0.4868,+4.03%,0.1760,0.1116,-36.59%
college_biology,Llama,Llama-2-7b-chat-hf,0.4097,0.4236,+3.39%,0.1765,0.0305,-82.72%
college_chemistry,Llama,Llama-2-7b-chat-hf,0.2500,0.2800,+12.00%,0.2674,0.0801,-70.05%
college_computer_science,Llama,Llama-2-7b-chat-hf,0.3400,0.3600,+5.88%,0.2294,0.1038,-54.78%
college_mathematics,Llama,Llama-2-7b-chat-hf,0.3400,0.2800,-17.65%,0.2595,0.0647,-75.08%
college_medicine,Llama,Llama-2-7b-chat-hf,0.3526,0.3931,+11.48%,0.1869,0.1150,-38.47%
college_physics,Llama,Llama-2-7b-chat-hf,0.1765,0.1667,-5.56%,0.1540,0.0613,-60.19%
computer_security,Llama,Llama-2-7b-chat-hf,0.5400,0.6000,+11.11%,0.1595,0.0497,-68.86%
conceptual_physics,Llama,Llama-2-7b-chat-hf,0.3830,0.3574,-6.67%,0.2098,0.1059,-49.55%
econometrics,Llama,Llama-2-7b-chat-hf,0.3421,0.3070,-10.26%,0.1848,0.1005,-45.64%
electrical_engineering,Llama,Llama-2-7b-chat-hf,0.4138,0.3655,-11.67%,0.1713,0.0869,-49.28%
elementary_mathematics,Llama,Llama-2-7b-chat-hf,0.2804,0.2672,-4.72%,0.2130,0.0560,-73.70%
formal_logic,Llama,Llama-2-7b-chat-hf,0.2857,0.3175,+11.11%,0.0702,0.0701,-0.04%
global_facts,Llama,Llama-2-7b-chat-hf,0.3800,0.3800,+0.00%,0.1962,0.0637,-67.53%
high_school_biology,Llama,Llama-2-7b-chat-hf,0.4903,0.5000,+1.97%,0.1911,0.1003,-47.51%
high_school_chemistry,Llama,Llama-2-7b-chat-hf,0.3892,0.3793,-2.53%,0.1917,0.1024,-46.58%
high_school_computer_science,Llama,Llama-2-7b-chat-hf,0.3700,0.3900,+5.41%,0.1673,0.0872,-47.84%
high_school_european_history,Llama,Llama-2-7b-chat-hf,0.5394,0.5818,+7.87%,0.2484,0.1719,-30.77%
high_school_geography,Llama,Llama-2-7b-chat-hf,0.5202,0.5606,+7.77%,0.1998,0.1011,-49.39%
high_school_government_and_politics,Llama,Llama-2-7b-chat-hf,0.5751,0.5907,+2.70%,0.2079,0.1148,-44.78%
high_school_macroeconomics,Llama,Llama-2-7b-chat-hf,0.3821,0.4000,+4.70%,0.1791,0.0607,-66.09%
high_school_mathematics,Llama,Llama-2-7b-chat-hf,0.2815,0.2556,-9.21%,0.1878,0.0466,-75.19%
high_school_microeconomics,Llama,Llama-2-7b-chat-hf,0.3866,0.3571,-7.61%,0.1668,0.0806,-51.70%
high_school_physics,Llama,Llama-2-7b-chat-hf,0.3311,0.3245,-2.00%,0.1784,0.0793,-55.53%
high_school_psychology,Llama,Llama-2-7b-chat-hf,0.5817,0.6092,+4.73%,0.1828,0.0800,-56.22%
high_school_statistics,Llama,Llama-2-7b-chat-hf,0.3102,0.3148,+1.49%,0.1619,0.1123,-30.60%
high_school_us_history,Llama,Llama-2-7b-chat-hf,0.3775,0.4559,+20.78%,0.2507,0.1298,-48.21%
high_school_world_history,Llama,Llama-2-7b-chat-hf,0.4641,0.5485,+18.18%,0.3017,0.1880,-37.69%
human_aging,Llama,Llama-2-7b-chat-hf,0.3901,0.4619,+18.39%,0.1763,0.0735,-58.32%
human_sexuality,Llama,Llama-2-7b-chat-hf,0.5115,0.5496,+7.46%,0.2708,0.1221,-54.92%
international_law,Llama,Llama-2-7b-chat-hf,0.5950,0.5785,-2.78%,0.2879,0.2037,-29.24%
jurisprudence,Llama,Llama-2-7b-chat-hf,0.4074,0.4815,+18.18%,0.2230,0.0799,-64.17%
logical_fallacies,Llama,Llama-2-7b-chat-hf,0.4724,0.5092,+7.79%,0.2204,0.0946,-57.10%
machine_learning,Llama,Llama-2-7b-chat-hf,0.3214,0.3482,+8.33%,0.1096,0.1634,+49.13%
management,Llama,Llama-2-7b-chat-hf,0.4466,0.5049,+13.04%,0.1106,0.0272,-75.41%
marketing,Llama,Llama-2-7b-chat-hf,0.5983,0.6325,+5.71%,0.1832,0.1150,-37.24%
medical_genetics,Llama,Llama-2-7b-chat-hf,0.4300,0.4500,+4.65%,0.1693,0.1604,-5.27%
miscellaneous,Llama,Llama-2-7b-chat-hf,0.5658,0.5977,+5.64%,0.1664,0.0384,-76.94%
moral_disputes,Llama,Llama-2-7b-chat-hf,0.4277,0.4653,+8.78%,0.2358,0.0856,-63.70%
moral_scenarios,Llama,Llama-2-7b-chat-hf,0.2425,0.2961,+22.12%,0.4330,0.1015,-76.57%
nutrition,Llama,Llama-2-7b-chat-hf,0.5033,0.4902,-2.60%,0.1900,0.0702,-63.03%
philosophy,Llama,Llama-2-7b-chat-hf,0.4534,0.4437,-2.13%,0.2115,0.1212,-42.70%
prehistory,Llama,Llama-2-7b-chat-hf,0.5278,0.5278,+0.00%,0.1899,0.1012,-46.71%
professional_accounting,Llama,Llama-2-7b-chat-hf,0.3121,0.3262,+4.55%,0.1558,0.0081,-94.80%
professional_law,Llama,Llama-2-7b-chat-hf,0.3240,0.3462,+6.84%,0.2045,0.0888,-56.56%
professional_medicine,Llama,Llama-2-7b-chat-hf,0.4044,0.4338,+7.27%,0.1678,0.0811,-51.68%
professional_psychology,Llama,Llama-2-7b-chat-hf,0.4069,0.4052,-0.40%,0.1955,0.1030,-47.32%
public_relations,Llama,Llama-2-7b-chat-hf,0.4909,0.4818,-1.85%,0.2430,0.1491,-38.63%
security_studies,Llama,Llama-2-7b-chat-hf,0.4408,0.4408,+0.00%,0.1133,0.0684,-39.62%
sociology,Llama,Llama-2-7b-chat-hf,0.6119,0.6368,+4.07%,0.1303,0.0524,-59.75%
us_foreign_policy,Llama,Llama-2-7b-chat-hf,0.5400,0.5900,+9.26%,0.1803,0.0538,-70.18%
virology,Llama,Llama-2-7b-chat-hf,0.3494,0.3795,+8.62%,0.2256,0.1304,-42.18%
world_religions,Llama,Llama-2-7b-chat-hf,0.5906,0.6374,+7.92%,0.1669,0.0554,-66.82%
abstract_algebra,Llama,Llama-2-7b-hf,0.2600,0.3000,+15.38%,0.4138,0.1374,-66.79%
anatomy,Llama,Llama-2-7b-hf,0.3407,0.3926,+15.22%,0.2763,0.0748,-72.94%
astronomy,Llama,Llama-2-7b-hf,0.2895,0.2895,+0.00%,0.1810,0.0885,-51.09%
business_ethics,Llama,Llama-2-7b-hf,0.4300,0.3600,-16.28%,0.3148,0.0609,-80.66%
clinical_knowledge,Llama,Llama-2-7b-hf,0.4075,0.4491,+10.19%,0.2362,0.0954,-59.60%
college_biology,Llama,Llama-2-7b-hf,0.3333,0.3681,+10.42%,0.1683,0.0984,-41.53%
college_chemistry,Llama,Llama-2-7b-hf,0.2700,0.3300,+22.22%,0.2167,0.0928,-57.19%
college_computer_science,Llama,Llama-2-7b-hf,0.2400,0.2400,+0.00%,0.1284,0.0711,-44.64%
college_mathematics,Llama,Llama-2-7b-hf,0.3200,0.3000,-6.25%,0.3012,0.0676,-77.55%
college_medicine,Llama,Llama-2-7b-hf,0.3353,0.3295,-1.72%,0.2182,0.0961,-55.96%
college_physics,Llama,Llama-2-7b-hf,0.2255,0.2255,+0.00%,0.3028,0.0781,-74.22%
computer_security,Llama,Llama-2-7b-hf,0.4300,0.4300,+0.00%,0.1791,0.0392,-78.11%
conceptual_physics,Llama,Llama-2-7b-hf,0.3489,0.3149,-9.76%,0.2273,0.0837,-63.16%
econometrics,Llama,Llama-2-7b-hf,0.2456,0.2456,+0.00%,0.2206,0.0874,-60.40%
electrical_engineering,Llama,Llama-2-7b-hf,0.2897,0.2966,+2.38%,0.2793,0.0828,-70.34%
elementary_mathematics,Llama,Llama-2-7b-hf,0.2328,0.2725,+17.05%,0.2901,0.0766,-73.61%
formal_logic,Llama,Llama-2-7b-hf,0.3175,0.2619,-17.50%,0.2693,0.0353,-86.88%
global_facts,Llama,Llama-2-7b-hf,0.2600,0.2400,-7.69%,0.1694,0.0937,-44.68%
high_school_biology,Llama,Llama-2-7b-hf,0.3516,0.3548,+0.92%,0.1051,0.0784,-25.42%
high_school_chemistry,Llama,Llama-2-7b-hf,0.2709,0.3498,+29.09%,0.2633,0.0939,-64.32%
high_school_computer_science,Llama,Llama-2-7b-hf,0.3200,0.3500,+9.37%,0.1657,0.0630,-62.01%
high_school_european_history,Llama,Llama-2-7b-hf,0.2606,0.3879,+48.84%,0.2868,0.0609,-78.78%
high_school_geography,Llama,Llama-2-7b-hf,0.3939,0.4091,+3.85%,0.1319,0.1102,-16.43%
high_school_government_and_politics,Llama,Llama-2-7b-hf,0.4249,0.4456,+4.88%,0.0973,0.0829,-14.82%
high_school_macroeconomics,Llama,Llama-2-7b-hf,0.3513,0.3513,+0.00%,0.1254,0.0469,-62.56%
high_school_mathematics,Llama,Llama-2-7b-hf,0.1963,0.2519,+28.30%,0.3266,0.0873,-73.26%
high_school_microeconomics,Llama,Llama-2-7b-hf,0.3655,0.3529,-3.45%,0.1569,0.0620,-60.48%
high_school_physics,Llama,Llama-2-7b-hf,0.2450,0.3311,+35.14%,0.2028,0.0669,-67.02%
high_school_psychology,Llama,Llama-2-7b-hf,0.4330,0.4550,+5.08%,0.1901,0.0951,-49.94%
high_school_statistics,Llama,Llama-2-7b-hf,0.2778,0.3241,+16.67%,0.2163,0.0625,-71.12%
high_school_us_history,Llama,Llama-2-7b-hf,0.3382,0.3971,+17.39%,0.2719,0.0409,-84.96%
high_school_world_history,Llama,Llama-2-7b-hf,0.2616,0.3291,+25.81%,0.2133,0.0366,-82.86%
human_aging,Llama,Llama-2-7b-hf,0.3722,0.3632,-2.41%,0.2248,0.0593,-73.63%
human_sexuality,Llama,Llama-2-7b-hf,0.3817,0.3435,-10.00%,0.2426,0.0869,-64.18%
international_law,Llama,Llama-2-7b-hf,0.3884,0.4545,+17.02%,0.1912,0.0591,-69.09%
jurisprudence,Llama,Llama-2-7b-hf,0.3426,0.3426,+0.00%,0.2014,0.1622,-19.44%
logical_fallacies,Llama,Llama-2-7b-hf,0.3558,0.3374,-5.17%,0.1517,0.0740,-51.21%
machine_learning,Llama,Llama-2-7b-hf,0.3393,0.3393,+0.00%,0.2477,0.0748,-69.80%
management,Llama,Llama-2-7b-hf,0.3204,0.3883,+21.21%,0.1512,0.0600,-60.29%
marketing,Llama,Llama-2-7b-hf,0.4957,0.5000,+0.86%,0.2119,0.0629,-70.32%
medical_genetics,Llama,Llama-2-7b-hf,0.3800,0.4000,+5.26%,0.2822,0.1130,-59.96%
miscellaneous,Llama,Llama-2-7b-hf,0.4330,0.4444,+2.65%,0.2067,0.0262,-87.31%
moral_disputes,Llama,Llama-2-7b-hf,0.2977,0.3497,+17.48%,0.2838,0.0628,-77.88%
moral_scenarios,Llama,Llama-2-7b-hf,0.2447,0.2816,+15.07%,0.3615,0.0429,-88.15%
nutrition,Llama,Llama-2-7b-hf,0.3399,0.3562,+4.81%,0.1397,0.0822,-41.14%
philosophy,Llama,Llama-2-7b-hf,0.3376,0.4148,+22.86%,0.2186,0.0988,-54.80%
prehistory,Llama,Llama-2-7b-hf,0.3765,0.4105,+9.02%,0.1863,0.0886,-52.45%
professional_accounting,Llama,Llama-2-7b-hf,0.2943,0.3085,+4.82%,0.1496,0.0976,-34.79%
professional_law,Llama,Llama-2-7b-hf,0.3044,0.3044,+0.00%,0.2526,0.0607,-75.98%
professional_medicine,Llama,Llama-2-7b-hf,0.2537,0.2757,+8.70%,0.3171,0.0533,-83.18%
professional_psychology,Llama,Llama-2-7b-hf,0.3480,0.3807,+9.39%,0.1725,0.0502,-70.93%
public_relations,Llama,Llama-2-7b-hf,0.3273,0.3455,+5.56%,0.1147,0.0806,-29.67%
security_studies,Llama,Llama-2-7b-hf,0.3755,0.3551,-5.43%,0.1801,0.0106,-94.13%
sociology,Llama,Llama-2-7b-hf,0.4776,0.5224,+9.37%,0.2008,0.0661,-67.08%
us_foreign_policy,Llama,Llama-2-7b-hf,0.5600,0.5700,+1.79%,0.2213,0.1495,-32.42%
virology,Llama,Llama-2-7b-hf,0.3133,0.3554,+13.46%,0.1187,0.0925,-22.09%
world_religions,Llama,Llama-2-7b-hf,0.4444,0.5029,+13.16%,0.3084,0.0493,-84.00%
abstract_algebra,MPT,mpt-30b,0.3100,0.2300,-25.81%,0.2138,0.1099,-48.61%
anatomy,MPT,mpt-30b,0.4741,0.4370,-7.81%,0.1643,0.1007,-38.70%
astronomy,MPT,mpt-30b,0.4145,0.4276,+3.17%,0.1665,0.0341,-79.50%
business_ethics,MPT,mpt-30b,0.3600,0.4600,+27.78%,0.1405,0.0885,-37.02%
clinical_knowledge,MPT,mpt-30b,0.4491,0.4679,+4.20%,0.1174,0.0676,-42.44%
college_biology,MPT,mpt-30b,0.4028,0.4306,+6.90%,0.1638,0.0618,-62.26%
college_chemistry,MPT,mpt-30b,0.3600,0.3800,+5.56%,0.1566,0.1140,-27.19%
college_computer_science,MPT,mpt-30b,0.3900,0.2400,-38.46%,0.2109,0.0463,-78.03%
college_mathematics,MPT,mpt-30b,0.3000,0.2900,-3.33%,0.1956,0.1156,-40.92%
college_medicine,MPT,mpt-30b,0.4046,0.3295,-18.57%,0.1331,0.0837,-37.08%
college_physics,MPT,mpt-30b,0.3235,0.2255,-30.30%,0.2002,0.0622,-68.91%
computer_security,MPT,mpt-30b,0.5300,0.5100,-3.77%,0.1408,0.0795,-43.54%
conceptual_physics,MPT,mpt-30b,0.3149,0.3617,+14.86%,0.2107,0.1041,-50.61%
econometrics,MPT,mpt-30b,0.2193,0.2105,-4.00%,0.0893,0.0627,-29.72%
electrical_engineering,MPT,mpt-30b,0.4759,0.4552,-4.35%,0.2278,0.0709,-68.88%
elementary_mathematics,MPT,mpt-30b,0.2698,0.2672,-0.98%,0.1979,0.0718,-63.73%
formal_logic,MPT,mpt-30b,0.2619,0.3175,+21.21%,0.0600,0.0859,+43.12%
global_facts,MPT,mpt-30b,0.3200,0.2500,-21.88%,0.2622,0.1394,-46.83%
high_school_biology,MPT,mpt-30b,0.4548,0.4774,+4.96%,0.2133,0.0839,-60.64%
high_school_chemistry,MPT,mpt-30b,0.3448,0.3202,-7.14%,0.1597,0.1006,-37.00%
high_school_computer_science,MPT,mpt-30b,0.3900,0.4300,+10.26%,0.0901,0.0637,-29.27%
high_school_european_history,MPT,mpt-30b,0.4667,0.4485,-3.90%,0.2073,0.0798,-61.52%
high_school_geography,MPT,mpt-30b,0.4899,0.5303,+8.25%,0.2341,0.0376,-83.96%
high_school_government_and_politics,MPT,mpt-30b,0.5285,0.5285,+0.00%,0.2127,0.0546,-74.32%
high_school_macroeconomics,MPT,mpt-30b,0.3513,0.3564,+1.46%,0.1318,0.0844,-35.92%
high_school_mathematics,MPT,mpt-30b,0.2037,0.2556,+25.45%,0.2037,0.0658,-67.68%
high_school_microeconomics,MPT,mpt-30b,0.3908,0.3529,-9.68%,0.1049,0.0547,-47.83%
high_school_physics,MPT,mpt-30b,0.2848,0.2980,+4.65%,0.1103,0.0891,-19.22%
high_school_psychology,MPT,mpt-30b,0.4954,0.5578,+12.59%,0.2449,0.0855,-65.07%
high_school_statistics,MPT,mpt-30b,0.3287,0.2824,-14.08%,0.0787,0.0364,-53.78%
high_school_us_history,MPT,mpt-30b,0.4608,0.4804,+4.26%,0.1992,0.1387,-30.36%
high_school_world_history,MPT,mpt-30b,0.4768,0.4979,+4.42%,0.2309,0.1488,-35.57%
human_aging,MPT,mpt-30b,0.3677,0.4619,+25.61%,0.2152,0.1156,-46.26%
human_sexuality,MPT,mpt-30b,0.4656,0.4656,+0.00%,0.1802,0.1115,-38.14%
international_law,MPT,mpt-30b,0.5702,0.6116,+7.25%,0.3455,0.1035,-70.04%
jurisprudence,MPT,mpt-30b,0.3889,0.4074,+4.76%,0.1851,0.1222,-33.98%
logical_fallacies,MPT,mpt-30b,0.4172,0.4294,+2.94%,0.2033,0.1152,-43.35%
machine_learning,MPT,mpt-30b,0.2589,0.3036,+17.24%,0.1381,0.0532,-61.51%
management,MPT,mpt-30b,0.4175,0.4563,+9.30%,0.2469,0.0822,-66.71%
marketing,MPT,mpt-30b,0.5855,0.6709,+14.60%,0.2145,0.0533,-75.14%
medical_genetics,MPT,mpt-30b,0.4200,0.4200,+0.00%,0.1211,0.1152,-4.91%
miscellaneous,MPT,mpt-30b,0.5530,0.5951,+7.62%,0.2050,0.0682,-66.74%
moral_disputes,MPT,mpt-30b,0.3988,0.4277,+7.25%,0.1982,0.0233,-88.27%
moral_scenarios,MPT,mpt-30b,0.2492,0.2358,-5.38%,0.2165,0.1577,-27.15%
nutrition,MPT,mpt-30b,0.4804,0.4869,+1.36%,0.2336,0.0411,-82.40%
philosophy,MPT,mpt-30b,0.4952,0.4437,-10.39%,0.2160,0.0453,-79.05%
prehistory,MPT,mpt-30b,0.5062,0.4784,-5.49%,0.2106,0.0411,-80.50%
professional_accounting,MPT,mpt-30b,0.3333,0.3475,+4.26%,0.1332,0.0775,-41.81%
professional_law,MPT,mpt-30b,0.3501,0.3325,-5.03%,0.0623,0.0798,+28.14%
professional_medicine,MPT,mpt-30b,0.3676,0.3934,+7.00%,0.2108,0.1212,-42.51%
professional_psychology,MPT,mpt-30b,0.4118,0.3938,-4.37%,0.1855,0.0758,-59.13%
public_relations,MPT,mpt-30b,0.4364,0.3909,-10.42%,0.2655,0.0568,-78.59%
security_studies,MPT,mpt-30b,0.3469,0.4286,+23.53%,0.0975,0.0909,-6.74%
sociology,MPT,mpt-30b,0.4876,0.5522,+13.27%,0.2610,0.0993,-61.97%
us_foreign_policy,MPT,mpt-30b,0.5800,0.6000,+3.45%,0.2455,0.0909,-62.98%
virology,MPT,mpt-30b,0.4036,0.4398,+8.96%,0.2055,0.0397,-80.66%
world_religions,MPT,mpt-30b,0.5497,0.6491,+18.09%,0.2572,0.1410,-45.15%
abstract_algebra,MPT,mpt-30b-chat,0.2900,0.3000,+3.45%,0.2728,0.0626,-77.04%
anatomy,MPT,mpt-30b-chat,0.4593,0.4667,+1.61%,0.0184,0.0827,+349.95%
astronomy,MPT,mpt-30b-chat,0.4737,0.4605,-2.78%,0.0909,0.0673,-25.92%
business_ethics,MPT,mpt-30b-chat,0.4900,0.5000,+2.04%,0.0861,0.0517,-39.95%
clinical_knowledge,MPT,mpt-30b-chat,0.5245,0.5208,-0.72%,0.0951,0.0585,-38.53%
college_biology,MPT,mpt-30b-chat,0.5486,0.5069,-7.59%,0.1028,0.0308,-70.00%
college_chemistry,MPT,mpt-30b-chat,0.3800,0.3800,+0.00%,0.1194,0.0783,-34.40%
college_computer_science,MPT,mpt-30b-chat,0.4100,0.4200,+2.44%,0.1935,0.0847,-56.22%
college_mathematics,MPT,mpt-30b-chat,0.3100,0.3000,-3.23%,0.2330,0.0462,-80.17%
college_medicine,MPT,mpt-30b-chat,0.4277,0.4393,+2.70%,0.1055,0.0673,-36.20%
college_physics,MPT,mpt-30b-chat,0.2353,0.1765,-25.00%,0.1475,0.0699,-52.60%
computer_security,MPT,mpt-30b-chat,0.5400,0.5600,+3.70%,0.0783,0.1128,+44.02%
conceptual_physics,MPT,mpt-30b-chat,0.3957,0.4000,+1.08%,0.1200,0.0649,-45.91%
econometrics,MPT,mpt-30b-chat,0.2719,0.3421,+25.81%,0.1306,0.1123,-14.01%
electrical_engineering,MPT,mpt-30b-chat,0.4966,0.4828,-2.78%,0.1398,0.0812,-41.93%
elementary_mathematics,MPT,mpt-30b-chat,0.3307,0.2910,-12.00%,0.0890,0.0212,-76.16%
formal_logic,MPT,mpt-30b-chat,0.3254,0.2778,-14.63%,0.2130,0.0582,-72.68%
global_facts,MPT,mpt-30b-chat,0.2300,0.2200,-4.35%,0.1483,0.0702,-52.66%
high_school_biology,MPT,mpt-30b-chat,0.5903,0.5516,-6.56%,0.0873,0.0251,-71.29%
high_school_chemistry,MPT,mpt-30b-chat,0.4039,0.3842,-4.88%,0.0853,0.0555,-34.95%
high_school_computer_science,MPT,mpt-30b-chat,0.4500,0.5300,+17.78%,0.1889,0.0549,-70.92%
high_school_european_history,MPT,mpt-30b-chat,0.5333,0.5212,-2.27%,0.1429,0.0755,-47.21%
high_school_geography,MPT,mpt-30b-chat,0.6616,0.6212,-6.11%,0.1380,0.0714,-48.27%
high_school_government_and_politics,MPT,mpt-30b-chat,0.6477,0.6373,-1.60%,0.0473,0.0620,+30.97%
high_school_macroeconomics,MPT,mpt-30b-chat,0.4513,0.4282,-5.11%,0.0998,0.0302,-69.71%
high_school_mathematics,MPT,mpt-30b-chat,0.2667,0.2778,+4.17%,0.1232,0.0393,-68.06%
high_school_microeconomics,MPT,mpt-30b-chat,0.4832,0.4958,+2.61%,0.1311,0.0430,-67.19%
high_school_physics,MPT,mpt-30b-chat,0.3444,0.3642,+5.77%,0.1700,0.0855,-49.68%
high_school_psychology,MPT,mpt-30b-chat,0.6752,0.6606,-2.17%,0.0367,0.0690,+88.07%
high_school_statistics,MPT,mpt-30b-chat,0.3750,0.3426,-8.64%,0.1374,0.0449,-67.33%
high_school_us_history,MPT,mpt-30b-chat,0.6275,0.6275,+0.00%,0.1442,0.0960,-33.43%
high_school_world_history,MPT,mpt-30b-chat,0.6371,0.6835,+7.28%,0.1592,0.0547,-65.67%
human_aging,MPT,mpt-30b-chat,0.5605,0.5695,+1.60%,0.0337,0.0578,+71.36%
human_sexuality,MPT,mpt-30b-chat,0.5725,0.6031,+5.33%,0.1285,0.1134,-11.73%
international_law,MPT,mpt-30b-chat,0.5868,0.5620,-4.23%,0.1982,0.1704,-14.01%
jurisprudence,MPT,mpt-30b-chat,0.4907,0.5833,+18.87%,0.1327,0.0365,-72.50%
logical_fallacies,MPT,mpt-30b-chat,0.5828,0.5828,+0.00%,0.1674,0.0475,-71.63%
machine_learning,MPT,mpt-30b-chat,0.2589,0.2143,-17.24%,0.2122,0.0168,-92.07%
management,MPT,mpt-30b-chat,0.6019,0.6214,+3.23%,0.0830,0.0421,-49.26%
marketing,MPT,mpt-30b-chat,0.7692,0.7821,+1.67%,0.0902,0.0865,-4.08%
medical_genetics,MPT,mpt-30b-chat,0.4700,0.4800,+2.13%,0.1320,0.0457,-65.40%
miscellaneous,MPT,mpt-30b-chat,0.6718,0.6756,+0.57%,0.0599,0.0204,-65.86%
moral_disputes,MPT,mpt-30b-chat,0.4682,0.5376,+14.81%,0.1794,0.1095,-38.98%
moral_scenarios,MPT,mpt-30b-chat,0.2726,0.2358,-13.52%,0.4330,0.0503,-88.38%
nutrition,MPT,mpt-30b-chat,0.5359,0.5359,+0.00%,0.0915,0.0438,-52.11%
philosophy,MPT,mpt-30b-chat,0.5434,0.5338,-1.78%,0.1312,0.0593,-54.83%
prehistory,MPT,mpt-30b-chat,0.5617,0.5617,+0.00%,0.1124,0.0415,-63.11%
professional_accounting,MPT,mpt-30b-chat,0.3404,0.3227,-5.21%,0.0848,0.0830,-2.12%
professional_law,MPT,mpt-30b-chat,0.3781,0.3807,+0.69%,0.1010,0.0147,-85.45%
professional_medicine,MPT,mpt-30b-chat,0.4779,0.4596,-3.85%,0.1374,0.0782,-43.08%
professional_psychology,MPT,mpt-30b-chat,0.4690,0.4641,-1.05%,0.0550,0.0400,-27.26%
public_relations,MPT,mpt-30b-chat,0.5273,0.5273,+0.00%,0.0887,0.0693,-21.94%
security_studies,MPT,mpt-30b-chat,0.4816,0.5061,+5.08%,0.1712,0.0776,-54.66%
sociology,MPT,mpt-30b-chat,0.6418,0.6617,+3.10%,0.0496,0.0524,+5.63%
us_foreign_policy,MPT,mpt-30b-chat,0.7500,0.7200,-4.00%,0.0936,0.0832,-11.10%
virology,MPT,mpt-30b-chat,0.4398,0.4458,+1.37%,0.1364,0.0973,-28.67%
world_religions,MPT,mpt-30b-chat,0.6842,0.6550,-4.27%,0.1051,0.1375,+30.86%
abstract_algebra,MPT,mpt-7b,0.2600,0.3300,+26.92%,0.3882,0.1435,-63.02%
anatomy,MPT,mpt-7b,0.3185,0.2889,-9.30%,0.1515,0.0972,-35.83%
astronomy,MPT,mpt-7b,0.3092,0.3487,+12.77%,0.1593,0.0871,-45.34%
business_ethics,MPT,mpt-7b,0.2500,0.2900,+16.00%,0.2466,0.0934,-62.15%
clinical_knowledge,MPT,mpt-7b,0.3434,0.3057,-10.99%,0.1846,0.1755,-4.94%
college_biology,MPT,mpt-7b,0.3125,0.2986,-4.44%,0.2566,0.0378,-85.28%
college_chemistry,MPT,mpt-7b,0.2900,0.3000,+3.45%,0.2017,0.0767,-61.96%
college_computer_science,MPT,mpt-7b,0.3800,0.2700,-28.95%,0.3234,0.1179,-63.55%
college_mathematics,MPT,mpt-7b,0.3500,0.3000,-14.29%,0.3832,0.0526,-86.26%
college_medicine,MPT,mpt-7b,0.3873,0.3295,-14.93%,0.2253,0.0792,-64.86%
college_physics,MPT,mpt-7b,0.2843,0.3235,+13.79%,0.2392,0.1132,-52.66%
computer_security,MPT,mpt-7b,0.3800,0.3200,-15.79%,0.1178,0.1697,+43.97%
conceptual_physics,MPT,mpt-7b,0.2426,0.2894,+19.30%,0.1962,0.0449,-77.12%
econometrics,MPT,mpt-7b,0.2281,0.2193,-3.85%,0.2343,0.1384,-40.94%
electrical_engineering,MPT,mpt-7b,0.2897,0.3034,+4.76%,0.2038,0.0360,-82.32%
elementary_mathematics,MPT,mpt-7b,0.2513,0.2619,+4.21%,0.2306,0.0802,-65.20%
formal_logic,MPT,mpt-7b,0.3651,0.3175,-13.04%,0.0879,0.0721,-17.93%
global_facts,MPT,mpt-7b,0.2300,0.2200,-4.35%,0.2044,0.0777,-61.99%
high_school_biology,MPT,mpt-7b,0.3032,0.2968,-2.13%,0.1892,0.0875,-53.75%
high_school_chemistry,MPT,mpt-7b,0.3153,0.2562,-18.75%,0.2691,0.1325,-50.78%
high_school_computer_science,MPT,mpt-7b,0.3200,0.2600,-18.75%,0.2050,0.1417,-30.84%
high_school_european_history,MPT,mpt-7b,0.2303,0.3030,+31.58%,0.1792,0.0672,-62.48%
high_school_geography,MPT,mpt-7b,0.4242,0.4343,+2.38%,0.2253,0.0726,-67.76%
high_school_government_and_politics,MPT,mpt-7b,0.3886,0.3057,-21.33%,0.2092,0.0583,-72.15%
high_school_macroeconomics,MPT,mpt-7b,0.3256,0.2897,-11.02%,0.2113,0.1432,-32.24%
high_school_mathematics,MPT,mpt-7b,0.2667,0.2704,+1.39%,0.2718,0.0806,-70.34%
high_school_microeconomics,MPT,mpt-7b,0.3361,0.2857,-15.00%,0.1786,0.1081,-39.48%
high_school_physics,MPT,mpt-7b,0.2980,0.2848,-4.44%,0.2080,0.0868,-58.29%
high_school_psychology,MPT,mpt-7b,0.2936,0.3046,+3.75%,0.1751,0.0299,-82.94%
high_school_statistics,MPT,mpt-7b,0.3287,0.2176,-33.80%,0.2250,0.0723,-67.89%
high_school_us_history,MPT,mpt-7b,0.2598,0.2745,+5.66%,0.1721,0.0896,-47.97%
high_school_world_history,MPT,mpt-7b,0.2532,0.2658,+5.00%,0.2242,0.0843,-62.39%
human_aging,MPT,mpt-7b,0.1928,0.2511,+30.23%,0.1407,0.0424,-69.88%
human_sexuality,MPT,mpt-7b,0.3282,0.2595,-20.93%,0.0988,0.0424,-57.10%
international_law,MPT,mpt-7b,0.3306,0.3636,+10.00%,0.2196,0.0834,-62.00%
jurisprudence,MPT,mpt-7b,0.2407,0.2500,+3.85%,0.1652,0.1022,-38.09%
logical_fallacies,MPT,mpt-7b,0.3006,0.3006,+0.00%,0.2373,0.1933,-18.51%
machine_learning,MPT,mpt-7b,0.2232,0.2946,+32.00%,0.2661,0.1537,-42.24%
management,MPT,mpt-7b,0.3398,0.3010,-11.43%,0.1248,0.0927,-25.73%
marketing,MPT,mpt-7b,0.2778,0.3376,+21.54%,0.2077,0.0375,-81.93%
medical_genetics,MPT,mpt-7b,0.2900,0.3400,+17.24%,0.1985,0.0941,-52.60%
miscellaneous,MPT,mpt-7b,0.3448,0.3308,-4.07%,0.1199,0.0661,-44.88%
moral_disputes,MPT,mpt-7b,0.2572,0.2630,+2.25%,0.1894,0.0577,-69.52%
moral_scenarios,MPT,mpt-7b,0.2503,0.2525,+0.89%,0.2813,0.1075,-61.78%
nutrition,MPT,mpt-7b,0.2680,0.2582,-3.66%,0.1547,0.0561,-63.71%
philosophy,MPT,mpt-7b,0.2701,0.2122,-21.43%,0.1847,0.0986,-46.63%
prehistory,MPT,mpt-7b,0.3241,0.3056,-5.71%,0.1818,0.0912,-49.84%
professional_accounting,MPT,mpt-7b,0.2518,0.2660,+5.63%,0.2266,0.0418,-81.55%
professional_law,MPT,mpt-7b,0.2647,0.2731,+3.20%,0.1934,0.0594,-69.30%
professional_medicine,MPT,mpt-7b,0.2831,0.2721,-3.90%,0.1733,0.0681,-60.69%
professional_psychology,MPT,mpt-7b,0.2761,0.2876,+4.14%,0.1815,0.0698,-61.54%
public_relations,MPT,mpt-7b,0.2727,0.3273,+20.00%,0.2400,0.1726,-28.08%
security_studies,MPT,mpt-7b,0.3224,0.2408,-25.32%,0.1957,0.0387,-80.24%
sociology,MPT,mpt-7b,0.2985,0.2786,-6.67%,0.1714,0.0666,-61.12%
us_foreign_policy,MPT,mpt-7b,0.2700,0.2600,-3.70%,0.1171,0.0512,-56.30%
virology,MPT,mpt-7b,0.2108,0.2470,+17.14%,0.0867,0.0858,-1.08%
world_religions,MPT,mpt-7b,0.3158,0.3333,+5.56%,0.1137,0.0771,-32.18%
abstract_algebra,MPT,mpt-7b-chat,0.2100,0.3200,+52.38%,0.4079,0.1280,-68.63%
anatomy,MPT,mpt-7b-chat,0.2963,0.4148,+40.00%,0.3934,0.0441,-88.80%
astronomy,MPT,mpt-7b-chat,0.3750,0.3618,-3.51%,0.3760,0.0440,-88.30%
business_ethics,MPT,mpt-7b-chat,0.2600,0.3600,+38.46%,0.3580,0.0616,-82.79%
clinical_knowledge,MPT,mpt-7b-chat,0.3434,0.4113,+19.78%,0.3967,0.0771,-80.56%
college_biology,MPT,mpt-7b-chat,0.2917,0.3125,+7.14%,0.3887,0.0522,-86.58%
college_chemistry,MPT,mpt-7b-chat,0.4200,0.4000,-4.76%,0.4256,0.0700,-83.56%
college_computer_science,MPT,mpt-7b-chat,0.3700,0.3500,-5.41%,0.4088,0.1235,-69.78%
college_mathematics,MPT,mpt-7b-chat,0.3100,0.3000,-3.23%,0.4330,0.0571,-86.80%
college_medicine,MPT,mpt-7b-chat,0.3353,0.2948,-12.07%,0.4223,0.0676,-84.00%
college_physics,MPT,mpt-7b-chat,0.3431,0.2549,-25.71%,0.3988,0.0768,-80.74%
computer_security,MPT,mpt-7b-chat,0.2500,0.4400,+76.00%,0.3455,0.0929,-73.10%
conceptual_physics,MPT,mpt-7b-chat,0.2255,0.3234,+43.40%,0.3896,0.0680,-82.54%
econometrics,MPT,mpt-7b-chat,0.2719,0.2368,-12.90%,0.3802,0.0888,-76.65%
electrical_engineering,MPT,mpt-7b-chat,0.2897,0.3931,+35.71%,0.4149,0.0270,-93.50%
elementary_mathematics,MPT,mpt-7b-chat,0.2778,0.2566,-7.62%,0.4107,0.0317,-92.29%
formal_logic,MPT,mpt-7b-chat,0.3254,0.3571,+9.76%,0.3021,0.0758,-74.92%
global_facts,MPT,mpt-7b-chat,0.2000,0.2800,+40.00%,0.3193,0.1024,-67.94%
high_school_biology,MPT,mpt-7b-chat,0.3645,0.3742,+2.65%,0.3779,0.0360,-90.47%
high_school_chemistry,MPT,mpt-7b-chat,0.2956,0.2118,-28.33%,0.4167,0.0958,-77.00%
high_school_computer_science,MPT,mpt-7b-chat,0.2900,0.3600,+24.14%,0.3835,0.0660,-82.79%
high_school_european_history,MPT,mpt-7b-chat,0.2848,0.3455,+21.28%,0.4043,0.0611,-84.89%
high_school_geography,MPT,mpt-7b-chat,0.3990,0.4293,+7.59%,0.3838,0.0802,-79.11%
high_school_government_and_politics,MPT,mpt-7b-chat,0.4249,0.4093,-3.66%,0.3690,0.0627,-83.01%
high_school_macroeconomics,MPT,mpt-7b-chat,0.3615,0.3282,-9.22%,0.3920,0.0409,-89.57%
high_school_mathematics,MPT,mpt-7b-chat,0.2667,0.2148,-19.44%,0.3990,0.0648,-83.75%
high_school_microeconomics,MPT,mpt-7b-chat,0.3445,0.3403,-1.22%,0.4119,0.0663,-83.90%
high_school_physics,MPT,mpt-7b-chat,0.3311,0.3311,+0.00%,0.3976,0.0427,-89.26%
high_school_psychology,MPT,mpt-7b-chat,0.4018,0.4147,+3.20%,0.3655,0.0304,-91.69%
high_school_statistics,MPT,mpt-7b-chat,0.4537,0.2500,-44.90%,0.4017,0.0669,-83.35%
high_school_us_history,MPT,mpt-7b-chat,0.2843,0.3333,+17.24%,0.3975,0.0383,-90.36%
high_school_world_history,MPT,mpt-7b-chat,0.2110,0.4051,+92.00%,0.3729,0.0215,-94.23%
human_aging,MPT,mpt-7b-chat,0.1928,0.3543,+83.72%,0.3989,0.0316,-92.08%
human_sexuality,MPT,mpt-7b-chat,0.3206,0.4504,+40.48%,0.3643,0.0831,-77.18%
international_law,MPT,mpt-7b-chat,0.3636,0.4628,+27.27%,0.3218,0.1156,-64.09%
jurisprudence,MPT,mpt-7b-chat,0.2500,0.3148,+25.93%,0.3463,0.0407,-88.26%
logical_fallacies,MPT,mpt-7b-chat,0.2761,0.3558,+28.89%,0.3979,0.0231,-94.20%
machine_learning,MPT,mpt-7b-chat,0.1875,0.3125,+66.67%,0.3903,0.0894,-77.10%
management,MPT,mpt-7b-chat,0.4369,0.3689,-15.56%,0.3462,0.0786,-77.30%
marketing,MPT,mpt-7b-chat,0.3120,0.5085,+63.01%,0.3840,0.0419,-89.10%
medical_genetics,MPT,mpt-7b-chat,0.2500,0.4000,+60.00%,0.4026,0.0542,-86.54%
miscellaneous,MPT,mpt-7b-chat,0.3257,0.4636,+42.35%,0.3399,0.0268,-92.11%
moral_disputes,MPT,mpt-7b-chat,0.2225,0.3237,+45.45%,0.3860,0.0629,-83.71%
moral_scenarios,MPT,mpt-7b-chat,0.2726,0.2514,-7.79%,0.4330,0.0549,-87.33%
nutrition,MPT,mpt-7b-chat,0.3431,0.3987,+16.19%,0.3752,0.0755,-79.87%
philosophy,MPT,mpt-7b-chat,0.2637,0.3859,+46.34%,0.4006,0.0384,-90.42%
prehistory,MPT,mpt-7b-chat,0.2716,0.3549,+30.68%,0.4117,0.0432,-89.52%
professional_accounting,MPT,mpt-7b-chat,0.2482,0.2553,+2.86%,0.3799,0.0743,-80.45%
professional_law,MPT,mpt-7b-chat,0.2790,0.3103,+11.21%,0.3483,0.0437,-87.44%
professional_medicine,MPT,mpt-7b-chat,0.4265,0.2868,-32.76%,0.3923,0.0403,-89.72%
professional_psychology,MPT,mpt-7b-chat,0.2402,0.3301,+37.41%,0.3407,0.0314,-90.80%
public_relations,MPT,mpt-7b-chat,0.3000,0.3455,+15.15%,0.3196,0.1071,-66.47%
security_studies,MPT,mpt-7b-chat,0.4286,0.3837,-10.48%,0.4166,0.0613,-85.28%
sociology,MPT,mpt-7b-chat,0.3731,0.4129,+10.67%,0.3415,0.0182,-94.69%
us_foreign_policy,MPT,mpt-7b-chat,0.2500,0.4600,+84.00%,0.3302,0.1277,-61.33%
virology,MPT,mpt-7b-chat,0.2229,0.3614,+62.16%,0.3996,0.0784,-80.38%
world_religions,MPT,mpt-7b-chat,0.2515,0.4444,+76.74%,0.3777,0.0321,-91.50%
abstract_algebra,Qwen,Qwen1.5-32B,0.4000,0.3700,-7.50%,0.1533,0.0694,-54.73%
anatomy,Qwen,Qwen1.5-32B,0.6519,0.6815,+4.55%,0.0806,0.0643,-20.24%
astronomy,Qwen,Qwen1.5-32B,0.7632,0.7895,+3.45%,0.1147,0.0952,-16.98%
business_ethics,Qwen,Qwen1.5-32B,0.7400,0.7500,+1.35%,0.0757,0.1090,+44.06%
clinical_knowledge,Qwen,Qwen1.5-32B,0.7132,0.7019,-1.59%,0.0847,0.0732,-13.60%
college_biology,Qwen,Qwen1.5-32B,0.7500,0.7917,+5.56%,0.0899,0.0857,-4.71%
college_chemistry,Qwen,Qwen1.5-32B,0.4600,0.4500,-2.17%,0.2125,0.0743,-65.06%
college_computer_science,Qwen,Qwen1.5-32B,0.4500,0.4500,+0.00%,0.0559,0.0385,-31.14%
college_mathematics,Qwen,Qwen1.5-32B,0.4400,0.4700,+6.82%,0.2169,0.1159,-46.54%
college_medicine,Qwen,Qwen1.5-32B,0.6821,0.6590,-3.39%,0.0743,0.0588,-20.86%
college_physics,Qwen,Qwen1.5-32B,0.3824,0.4706,+23.08%,0.1465,0.0857,-41.49%
computer_security,Qwen,Qwen1.5-32B,0.7600,0.7500,-1.32%,0.0739,0.0795,+7.64%
conceptual_physics,Qwen,Qwen1.5-32B,0.6851,0.6936,+1.24%,0.1007,0.0629,-37.49%
econometrics,Qwen,Qwen1.5-32B,0.4825,0.4474,-7.27%,0.0455,0.0394,-13.40%
electrical_engineering,Qwen,Qwen1.5-32B,0.6483,0.6621,+2.13%,0.1509,0.1574,+4.28%
elementary_mathematics,Qwen,Qwen1.5-32B,0.5926,0.5926,+0.00%,0.0843,0.0503,-40.34%
formal_logic,Qwen,Qwen1.5-32B,0.4365,0.4286,-1.82%,0.1019,0.0944,-7.28%
global_facts,Qwen,Qwen1.5-32B,0.4800,0.4300,-10.42%,0.2167,0.1446,-33.26%
high_school_biology,Qwen,Qwen1.5-32B,0.8226,0.8129,-1.18%,0.0916,0.0762,-16.84%
high_school_chemistry,Qwen,Qwen1.5-32B,0.5764,0.6010,+4.27%,0.1611,0.1408,-12.60%
high_school_computer_science,Qwen,Qwen1.5-32B,0.8100,0.8100,+0.00%,0.0845,0.0845,+0.00%
high_school_european_history,Qwen,Qwen1.5-32B,0.8485,0.8424,-0.71%,0.0719,0.0789,+9.66%
high_school_geography,Qwen,Qwen1.5-32B,0.7828,0.7980,+1.94%,0.0577,0.0444,-22.97%
high_school_government_and_politics,Qwen,Qwen1.5-32B,0.8756,0.8912,+1.78%,0.0830,0.0557,-32.96%
high_school_macroeconomics,Qwen,Qwen1.5-32B,0.7000,0.7103,+1.47%,0.0861,0.0640,-25.65%
high_school_mathematics,Qwen,Qwen1.5-32B,0.3852,0.3889,+0.96%,0.1731,0.1094,-36.77%
high_school_microeconomics,Qwen,Qwen1.5-32B,0.7437,0.7563,+1.69%,0.0873,0.0780,-10.64%
high_school_physics,Qwen,Qwen1.5-32B,0.4570,0.5033,+10.14%,0.1707,0.0464,-72.80%
high_school_psychology,Qwen,Qwen1.5-32B,0.8220,0.8367,+1.79%,0.0725,0.0442,-39.00%
high_school_statistics,Qwen,Qwen1.5-32B,0.5509,0.5972,+8.40%,0.1233,0.1121,-9.06%
high_school_us_history,Qwen,Qwen1.5-32B,0.8480,0.8775,+3.47%,0.0295,0.0506,+71.30%
high_school_world_history,Qwen,Qwen1.5-32B,0.8270,0.8101,-2.04%,0.0199,0.0342,+72.14%
human_aging,Qwen,Qwen1.5-32B,0.7175,0.7040,-1.87%,0.0851,0.0544,-36.05%
human_sexuality,Qwen,Qwen1.5-32B,0.7634,0.7863,+3.00%,0.0858,0.1016,+18.34%
international_law,Qwen,Qwen1.5-32B,0.7521,0.7603,+1.10%,0.1768,0.1218,-31.08%
jurisprudence,Qwen,Qwen1.5-32B,0.7963,0.7593,-4.65%,0.1292,0.0940,-27.24%
logical_fallacies,Qwen,Qwen1.5-32B,0.7853,0.7914,+0.78%,0.0674,0.0714,+5.89%
machine_learning,Qwen,Qwen1.5-32B,0.4643,0.4375,-5.77%,0.0929,0.0872,-6.22%
management,Qwen,Qwen1.5-32B,0.7767,0.7864,+1.25%,0.1148,0.0746,-34.99%
marketing,Qwen,Qwen1.5-32B,0.8932,0.8846,-0.96%,0.0635,0.0579,-8.79%
medical_genetics,Qwen,Qwen1.5-32B,0.7200,0.7200,+0.00%,0.0605,0.1152,+90.39%
miscellaneous,Qwen,Qwen1.5-32B,0.8455,0.8595,+1.66%,0.0426,0.0138,-67.54%
moral_disputes,Qwen,Qwen1.5-32B,0.7486,0.7428,-0.77%,0.0520,0.0685,+31.75%
moral_scenarios,Qwen,Qwen1.5-32B,0.2547,0.4525,+77.63%,0.3900,0.1140,-70.77%
nutrition,Qwen,Qwen1.5-32B,0.7418,0.7418,+0.00%,0.0567,0.0394,-30.45%
philosophy,Qwen,Qwen1.5-32B,0.7042,0.7010,-0.46%,0.0564,0.0746,+32.25%
prehistory,Qwen,Qwen1.5-32B,0.7253,0.7377,+1.70%,0.0199,0.0374,+87.42%
professional_accounting,Qwen,Qwen1.5-32B,0.5213,0.5319,+2.04%,0.1748,0.1128,-35.46%
professional_law,Qwen,Qwen1.5-32B,0.5228,0.5196,-0.62%,0.1167,0.0901,-22.81%
professional_medicine,Qwen,Qwen1.5-32B,0.7316,0.7316,+0.00%,0.0681,0.0616,-9.46%
professional_psychology,Qwen,Qwen1.5-32B,0.6863,0.6993,+1.90%,0.0846,0.0496,-41.45%
public_relations,Qwen,Qwen1.5-32B,0.6455,0.6273,-2.82%,0.1114,0.0641,-42.46%
security_studies,Qwen,Qwen1.5-32B,0.6816,0.6694,-1.80%,0.0714,0.0688,-3.54%
sociology,Qwen,Qwen1.5-32B,0.7910,0.8159,+3.14%,0.0684,0.0655,-4.31%
us_foreign_policy,Qwen,Qwen1.5-32B,0.8700,0.8600,-1.15%,0.0926,0.0939,+1.34%
virology,Qwen,Qwen1.5-32B,0.5000,0.5181,+3.61%,0.0504,0.0783,+55.25%
world_religions,Qwen,Qwen1.5-32B,0.8304,0.8538,+2.82%,0.1087,0.0424,-61.02%
abstract_algebra,Qwen,Qwen1.5-32B-Chat,0.4700,0.5100,+8.51%,0.2003,0.1673,-16.49%
anatomy,Qwen,Qwen1.5-32B-Chat,0.6593,0.6741,+2.25%,0.0908,0.0734,-19.14%
astronomy,Qwen,Qwen1.5-32B-Chat,0.7697,0.7895,+2.56%,0.0784,0.0882,+12.50%
business_ethics,Qwen,Qwen1.5-32B-Chat,0.7000,0.7100,+1.43%,0.0732,0.0735,+0.38%
clinical_knowledge,Qwen,Qwen1.5-32B-Chat,0.7358,0.7321,-0.51%,0.0510,0.0440,-13.75%
college_biology,Qwen,Qwen1.5-32B-Chat,0.8056,0.7986,-0.86%,0.0759,0.0600,-21.00%
college_chemistry,Qwen,Qwen1.5-32B-Chat,0.4800,0.4700,-2.08%,0.1811,0.0850,-53.08%
college_computer_science,Qwen,Qwen1.5-32B-Chat,0.5600,0.5400,-3.57%,0.0808,0.0821,+1.61%
college_mathematics,Qwen,Qwen1.5-32B-Chat,0.4800,0.5000,+4.17%,0.2086,0.1886,-9.57%
college_medicine,Qwen,Qwen1.5-32B-Chat,0.6647,0.6763,+1.74%,0.0536,0.0491,-8.47%
college_physics,Qwen,Qwen1.5-32B-Chat,0.4706,0.4510,-4.17%,0.0883,0.0859,-2.73%
computer_security,Qwen,Qwen1.5-32B-Chat,0.7900,0.7800,-1.27%,0.0699,0.0753,+7.73%
conceptual_physics,Qwen,Qwen1.5-32B-Chat,0.7191,0.7021,-2.37%,0.0639,0.0525,-17.77%
econometrics,Qwen,Qwen1.5-32B-Chat,0.5263,0.5175,-1.67%,0.0230,0.0438,+90.49%
electrical_engineering,Qwen,Qwen1.5-32B-Chat,0.6897,0.7034,+2.00%,0.0931,0.0969,+4.08%
elementary_mathematics,Qwen,Qwen1.5-32B-Chat,0.6138,0.6058,-1.29%,0.1095,0.1007,-8.01%
formal_logic,Qwen,Qwen1.5-32B-Chat,0.4762,0.5159,+8.33%,0.1054,0.0848,-19.52%
global_facts,Qwen,Qwen1.5-32B-Chat,0.3900,0.3900,+0.00%,0.2513,0.2368,-5.76%
high_school_biology,Qwen,Qwen1.5-32B-Chat,0.8355,0.8419,+0.77%,0.0550,0.0451,-17.97%
high_school_chemistry,Qwen,Qwen1.5-32B-Chat,0.5911,0.5961,+0.83%,0.0989,0.1229,+24.23%
high_school_computer_science,Qwen,Qwen1.5-32B-Chat,0.8400,0.8300,-1.19%,0.1009,0.0893,-11.43%
high_school_european_history,Qwen,Qwen1.5-32B-Chat,0.8424,0.8485,+0.72%,0.0569,0.0537,-5.65%
high_school_geography,Qwen,Qwen1.5-32B-Chat,0.8687,0.8535,-1.74%,0.0421,0.0372,-11.70%
high_school_government_and_politics,Qwen,Qwen1.5-32B-Chat,0.8964,0.8964,+0.00%,0.0512,0.0610,+19.20%
high_school_macroeconomics,Qwen,Qwen1.5-32B-Chat,0.7308,0.7538,+3.16%,0.0861,0.0697,-19.07%
high_school_mathematics,Qwen,Qwen1.5-32B-Chat,0.3667,0.3889,+6.06%,0.1086,0.0549,-49.46%
high_school_microeconomics,Qwen,Qwen1.5-32B-Chat,0.7815,0.7773,-0.54%,0.0590,0.0647,+9.61%
high_school_physics,Qwen,Qwen1.5-32B-Chat,0.5298,0.5364,+1.25%,0.1112,0.0885,-20.43%
high_school_psychology,Qwen,Qwen1.5-32B-Chat,0.8532,0.8587,+0.65%,0.0403,0.0377,-6.38%
high_school_statistics,Qwen,Qwen1.5-32B-Chat,0.6111,0.6389,+4.55%,0.0768,0.1063,+38.36%
high_school_us_history,Qwen,Qwen1.5-32B-Chat,0.8627,0.8676,+0.57%,0.0514,0.0471,-8.42%
high_school_world_history,Qwen,Qwen1.5-32B-Chat,0.8608,0.8650,+0.49%,0.0507,0.0338,-33.31%
human_aging,Qwen,Qwen1.5-32B-Chat,0.7937,0.7713,-2.82%,0.0181,0.0339,+87.18%
human_sexuality,Qwen,Qwen1.5-32B-Chat,0.8244,0.7786,-5.56%,0.0438,0.0847,+93.50%
international_law,Qwen,Qwen1.5-32B-Chat,0.7769,0.7686,-1.06%,0.0625,0.0819,+31.16%
jurisprudence,Qwen,Qwen1.5-32B-Chat,0.8056,0.7870,-2.30%,0.0459,0.0885,+92.99%
logical_fallacies,Qwen,Qwen1.5-32B-Chat,0.8405,0.8466,+0.73%,0.0488,0.0416,-14.83%
machine_learning,Qwen,Qwen1.5-32B-Chat,0.4821,0.4732,-1.85%,0.1170,0.1077,-7.88%
management,Qwen,Qwen1.5-32B-Chat,0.8058,0.8252,+2.41%,0.0626,0.0622,-0.56%
marketing,Qwen,Qwen1.5-32B-Chat,0.8932,0.8932,+0.00%,0.0439,0.0376,-14.27%
medical_genetics,Qwen,Qwen1.5-32B-Chat,0.7200,0.7200,+0.00%,0.0752,0.0800,+6.38%
miscellaneous,Qwen,Qwen1.5-32B-Chat,0.8761,0.8736,-0.29%,0.0054,0.0086,+61.24%
moral_disputes,Qwen,Qwen1.5-32B-Chat,0.7457,0.7514,+0.78%,0.0169,0.0522,+209.00%
moral_scenarios,Qwen,Qwen1.5-32B-Chat,0.4916,0.5810,+18.18%,0.3335,0.2708,-18.78%
nutrition,Qwen,Qwen1.5-32B-Chat,0.7516,0.7582,+0.87%,0.0180,0.0206,+14.26%
philosophy,Qwen,Qwen1.5-32B-Chat,0.7814,0.7685,-1.65%,0.0062,0.0528,+755.22%
prehistory,Qwen,Qwen1.5-32B-Chat,0.7500,0.7654,+2.06%,0.0381,0.0171,-55.05%
professional_accounting,Qwen,Qwen1.5-32B-Chat,0.5816,0.5851,+0.61%,0.1363,0.1262,-7.39%
professional_law,Qwen,Qwen1.5-32B-Chat,0.5476,0.5463,-0.24%,0.0681,0.0688,+1.06%
professional_medicine,Qwen,Qwen1.5-32B-Chat,0.7574,0.7610,+0.49%,0.0662,0.0822,+24.30%
professional_psychology,Qwen,Qwen1.5-32B-Chat,0.7222,0.7206,-0.23%,0.0526,0.0635,+20.77%
public_relations,Qwen,Qwen1.5-32B-Chat,0.6545,0.6364,-2.78%,0.0751,0.0761,+1.35%
security_studies,Qwen,Qwen1.5-32B-Chat,0.7020,0.7224,+2.91%,0.0836,0.0812,-2.78%
sociology,Qwen,Qwen1.5-32B-Chat,0.8259,0.8408,+1.81%,0.0507,0.0328,-35.31%
us_foreign_policy,Qwen,Qwen1.5-32B-Chat,0.8800,0.8900,+1.14%,0.1172,0.0888,-24.21%
virology,Qwen,Qwen1.5-32B-Chat,0.5361,0.5120,-4.49%,0.0552,0.0915,+65.80%
world_religions,Qwen,Qwen1.5-32B-Chat,0.8363,0.8421,+0.70%,0.0586,0.0496,-15.44%
abstract_algebra,Qwen,Qwen1.5-7B,0.3500,0.3500,+0.00%,0.3110,0.1552,-50.09%
anatomy,Qwen,Qwen1.5-7B,0.4667,0.4519,-3.17%,0.1354,0.0586,-56.69%
astronomy,Qwen,Qwen1.5-7B,0.6184,0.5987,-3.19%,0.1217,0.0724,-40.47%
business_ethics,Qwen,Qwen1.5-7B,0.6300,0.6500,+3.17%,0.1132,0.0509,-55.03%
clinical_knowledge,Qwen,Qwen1.5-7B,0.6151,0.6189,+0.61%,0.0643,0.0390,-39.42%
college_biology,Qwen,Qwen1.5-7B,0.5972,0.6111,+2.33%,0.0851,0.0505,-40.62%
college_chemistry,Qwen,Qwen1.5-7B,0.4200,0.4000,-4.76%,0.1475,0.0407,-72.42%
college_computer_science,Qwen,Qwen1.5-7B,0.3900,0.4700,+20.51%,0.1312,0.0888,-32.26%
college_mathematics,Qwen,Qwen1.5-7B,0.3800,0.3600,-5.26%,0.1950,0.0537,-72.44%
college_medicine,Qwen,Qwen1.5-7B,0.5723,0.5665,-1.01%,0.0763,0.0746,-2.30%
college_physics,Qwen,Qwen1.5-7B,0.3922,0.3627,-7.50%,0.1804,0.0602,-66.63%
computer_security,Qwen,Qwen1.5-7B,0.6500,0.6600,+1.54%,0.1425,0.0953,-33.16%
conceptual_physics,Qwen,Qwen1.5-7B,0.5106,0.5064,-0.83%,0.1282,0.0488,-61.93%
econometrics,Qwen,Qwen1.5-7B,0.4474,0.4386,-1.96%,0.1890,0.1448,-23.39%
electrical_engineering,Qwen,Qwen1.5-7B,0.5586,0.5103,-8.64%,0.1873,0.1039,-44.55%
elementary_mathematics,Qwen,Qwen1.5-7B,0.4206,0.4471,+6.29%,0.1870,0.0136,-92.74%
formal_logic,Qwen,Qwen1.5-7B,0.3095,0.4206,+35.90%,0.1598,0.0679,-57.53%
global_facts,Qwen,Qwen1.5-7B,0.3400,0.3500,+2.94%,0.2318,0.0853,-63.19%
high_school_biology,Qwen,Qwen1.5-7B,0.6677,0.6774,+1.45%,0.0486,0.0420,-13.75%
high_school_chemistry,Qwen,Qwen1.5-7B,0.5320,0.4828,-9.26%,0.2024,0.1145,-43.43%
high_school_computer_science,Qwen,Qwen1.5-7B,0.6500,0.6700,+3.08%,0.0360,0.0934,+159.18%
high_school_european_history,Qwen,Qwen1.5-7B,0.6667,0.6364,-4.55%,0.1095,0.1021,-6.76%
high_school_geography,Qwen,Qwen1.5-7B,0.6768,0.6818,+0.75%,0.1294,0.1046,-19.20%
high_school_government_and_politics,Qwen,Qwen1.5-7B,0.7565,0.7565,+0.00%,0.0849,0.0607,-28.57%
high_school_macroeconomics,Qwen,Qwen1.5-7B,0.5103,0.5256,+3.02%,0.0969,0.0531,-45.22%
high_school_mathematics,Qwen,Qwen1.5-7B,0.2926,0.3222,+10.13%,0.2457,0.0774,-68.50%
high_school_microeconomics,Qwen,Qwen1.5-7B,0.5462,0.5504,+0.77%,0.0946,0.0498,-47.42%
high_school_physics,Qwen,Qwen1.5-7B,0.3377,0.3642,+7.84%,0.1445,0.0917,-36.53%
high_school_psychology,Qwen,Qwen1.5-7B,0.7431,0.7541,+1.48%,0.0682,0.0358,-47.52%
high_school_statistics,Qwen,Qwen1.5-7B,0.3843,0.3796,-1.20%,0.1673,0.0397,-76.24%
high_school_us_history,Qwen,Qwen1.5-7B,0.7157,0.7157,+0.00%,0.1323,0.0909,-31.23%
high_school_world_history,Qwen,Qwen1.5-7B,0.7553,0.7342,-2.79%,0.0762,0.0629,-17.49%
human_aging,Qwen,Qwen1.5-7B,0.5964,0.6278,+5.26%,0.1054,0.0210,-80.03%
human_sexuality,Qwen,Qwen1.5-7B,0.6718,0.6870,+2.27%,0.1409,0.0937,-33.51%
international_law,Qwen,Qwen1.5-7B,0.6777,0.6612,-2.44%,0.0799,0.0531,-33.56%
jurisprudence,Qwen,Qwen1.5-7B,0.6667,0.6667,+0.00%,0.1359,0.0640,-52.95%
logical_fallacies,Qwen,Qwen1.5-7B,0.6503,0.6442,-0.94%,0.1318,0.0984,-25.35%
machine_learning,Qwen,Qwen1.5-7B,0.3750,0.3571,-4.76%,0.1468,0.0676,-53.93%
management,Qwen,Qwen1.5-7B,0.6990,0.6893,-1.39%,0.1654,0.1227,-25.77%
marketing,Qwen,Qwen1.5-7B,0.8077,0.8205,+1.59%,0.0494,0.0446,-9.74%
medical_genetics,Qwen,Qwen1.5-7B,0.5800,0.5700,-1.72%,0.0869,0.0356,-58.98%
miscellaneous,Qwen,Qwen1.5-7B,0.7395,0.7446,+0.69%,0.0650,0.0198,-69.53%
moral_disputes,Qwen,Qwen1.5-7B,0.5694,0.5607,-1.52%,0.1262,0.0819,-35.15%
moral_scenarios,Qwen,Qwen1.5-7B,0.2425,0.2927,+20.74%,0.4330,0.0912,-78.93%
nutrition,Qwen,Qwen1.5-7B,0.6209,0.6144,-1.05%,0.0883,0.0517,-41.39%
philosophy,Qwen,Qwen1.5-7B,0.6013,0.6045,+0.53%,0.1457,0.0872,-40.15%
prehistory,Qwen,Qwen1.5-7B,0.6173,0.6142,-0.50%,0.1158,0.0720,-37.78%
professional_accounting,Qwen,Qwen1.5-7B,0.3865,0.3936,+1.83%,0.2037,0.0612,-69.94%
professional_law,Qwen,Qwen1.5-7B,0.4022,0.4061,+0.97%,0.1225,0.0106,-91.35%
professional_medicine,Qwen,Qwen1.5-7B,0.5588,0.5478,-1.97%,0.1360,0.0779,-42.71%
professional_psychology,Qwen,Qwen1.5-7B,0.5180,0.5114,-1.26%,0.0696,0.0305,-56.13%
public_relations,Qwen,Qwen1.5-7B,0.6000,0.6273,+4.55%,0.0509,0.0334,-34.35%
security_studies,Qwen,Qwen1.5-7B,0.6082,0.6490,+6.71%,0.1156,0.0556,-51.87%
sociology,Qwen,Qwen1.5-7B,0.7612,0.7811,+2.61%,0.0970,0.0500,-48.41%
us_foreign_policy,Qwen,Qwen1.5-7B,0.7700,0.8000,+3.90%,0.0847,0.0597,-29.43%
virology,Qwen,Qwen1.5-7B,0.4277,0.4036,-5.63%,0.1011,0.1198,+18.44%
world_religions,Qwen,Qwen1.5-7B,0.7193,0.6901,-4.07%,0.1040,0.0742,-28.66%
abstract_algebra,Qwen,Qwen1.5-7B-Chat,0.3800,0.3600,-5.26%,0.2711,0.2110,-22.17%
anatomy,Qwen,Qwen1.5-7B-Chat,0.5185,0.4963,-4.29%,0.0544,0.0440,-19.19%
astronomy,Qwen,Qwen1.5-7B-Chat,0.6118,0.5987,-2.15%,0.0752,0.0724,-3.68%
business_ethics,Qwen,Qwen1.5-7B-Chat,0.6200,0.6300,+1.61%,0.0734,0.0750,+2.23%
clinical_knowledge,Qwen,Qwen1.5-7B-Chat,0.6491,0.6453,-0.58%,0.0426,0.0319,-25.21%
college_biology,Qwen,Qwen1.5-7B-Chat,0.6389,0.6458,+1.09%,0.0666,0.0793,+19.15%
college_chemistry,Qwen,Qwen1.5-7B-Chat,0.4100,0.4400,+7.32%,0.0891,0.0495,-44.40%
college_computer_science,Qwen,Qwen1.5-7B-Chat,0.4800,0.5200,+8.33%,0.0998,0.0693,-30.57%
college_mathematics,Qwen,Qwen1.5-7B-Chat,0.3900,0.3700,-5.13%,0.2357,0.1427,-39.45%
college_medicine,Qwen,Qwen1.5-7B-Chat,0.5549,0.5434,-2.08%,0.1051,0.0762,-27.49%
college_physics,Qwen,Qwen1.5-7B-Chat,0.4216,0.4118,-2.33%,0.1464,0.0866,-40.86%
computer_security,Qwen,Qwen1.5-7B-Chat,0.7200,0.7000,-2.78%,0.0735,0.0947,+28.96%
conceptual_physics,Qwen,Qwen1.5-7B-Chat,0.5319,0.5362,+0.80%,0.0496,0.0469,-5.36%
econometrics,Qwen,Qwen1.5-7B-Chat,0.4386,0.4298,-2.00%,0.1242,0.0575,-53.71%
electrical_engineering,Qwen,Qwen1.5-7B-Chat,0.5448,0.5586,+2.53%,0.1367,0.1008,-26.31%
elementary_mathematics,Qwen,Qwen1.5-7B-Chat,0.4444,0.4471,+0.60%,0.2137,0.0767,-64.11%
formal_logic,Qwen,Qwen1.5-7B-Chat,0.4444,0.4683,+5.36%,0.1092,0.0665,-39.07%
global_facts,Qwen,Qwen1.5-7B-Chat,0.3700,0.3700,+0.00%,0.1828,0.0766,-58.07%
high_school_biology,Qwen,Qwen1.5-7B-Chat,0.6871,0.6774,-1.41%,0.0521,0.0484,-7.15%
high_school_chemistry,Qwen,Qwen1.5-7B-Chat,0.4926,0.4877,-1.00%,0.1314,0.0759,-42.20%
high_school_computer_science,Qwen,Qwen1.5-7B-Chat,0.6900,0.7200,+4.35%,0.0946,0.0668,-29.35%
high_school_european_history,Qwen,Qwen1.5-7B-Chat,0.7758,0.7697,-0.78%,0.0310,0.0456,+46.93%
high_school_geography,Qwen,Qwen1.5-7B-Chat,0.7525,0.7576,+0.67%,0.0924,0.0968,+4.69%
high_school_government_and_politics,Qwen,Qwen1.5-7B-Chat,0.7876,0.7824,-0.66%,0.0616,0.0700,+13.62%
high_school_macroeconomics,Qwen,Qwen1.5-7B-Chat,0.5667,0.5667,+0.00%,0.0671,0.0393,-41.42%
high_school_mathematics,Qwen,Qwen1.5-7B-Chat,0.3000,0.3519,+17.28%,0.1848,0.0673,-63.57%
high_school_microeconomics,Qwen,Qwen1.5-7B-Chat,0.6345,0.6387,+0.66%,0.0229,0.0426,+85.58%
high_school_physics,Qwen,Qwen1.5-7B-Chat,0.3444,0.4040,+17.31%,0.1869,0.1318,-29.46%
high_school_psychology,Qwen,Qwen1.5-7B-Chat,0.7890,0.7872,-0.23%,0.0288,0.0312,+8.40%
high_school_statistics,Qwen,Qwen1.5-7B-Chat,0.4630,0.4352,-6.00%,0.1403,0.0973,-30.67%
high_school_us_history,Qwen,Qwen1.5-7B-Chat,0.7353,0.7353,+0.00%,0.0903,0.0903,+0.00%
high_school_world_history,Qwen,Qwen1.5-7B-Chat,0.7511,0.7426,-1.12%,0.0456,0.0576,+26.34%
human_aging,Qwen,Qwen1.5-7B-Chat,0.6278,0.6323,+0.71%,0.0390,0.0412,+5.66%
human_sexuality,Qwen,Qwen1.5-7B-Chat,0.7176,0.7023,-2.13%,0.0759,0.0669,-11.91%
international_law,Qwen,Qwen1.5-7B-Chat,0.7025,0.7025,+0.00%,0.0974,0.0960,-1.52%
jurisprudence,Qwen,Qwen1.5-7B-Chat,0.7130,0.7222,+1.30%,0.0408,0.0372,-8.81%
logical_fallacies,Qwen,Qwen1.5-7B-Chat,0.6871,0.6994,+1.79%,0.0727,0.0681,-6.33%
machine_learning,Qwen,Qwen1.5-7B-Chat,0.3929,0.3839,-2.27%,0.0963,0.0881,-8.50%
management,Qwen,Qwen1.5-7B-Chat,0.7476,0.7476,+0.00%,0.0425,0.0425,+0.00%
marketing,Qwen,Qwen1.5-7B-Chat,0.8291,0.8291,+0.00%,0.0795,0.0795,+0.00%
medical_genetics,Qwen,Qwen1.5-7B-Chat,0.6200,0.6200,+0.00%,0.0807,0.0525,-34.96%
miscellaneous,Qwen,Qwen1.5-7B-Chat,0.7637,0.7637,+0.00%,0.0320,0.0270,-15.76%
moral_disputes,Qwen,Qwen1.5-7B-Chat,0.6214,0.6243,+0.47%,0.0545,0.0292,-46.41%
moral_scenarios,Qwen,Qwen1.5-7B-Chat,0.2961,0.3844,+29.81%,0.3675,0.0482,-86.90%
nutrition,Qwen,Qwen1.5-7B-Chat,0.6503,0.6536,+0.50%,0.0460,0.0357,-22.46%
philosophy,Qwen,Qwen1.5-7B-Chat,0.6334,0.6302,-0.51%,0.0625,0.0616,-1.43%
prehistory,Qwen,Qwen1.5-7B-Chat,0.6173,0.6173,+0.00%,0.0513,0.0542,+5.63%
professional_accounting,Qwen,Qwen1.5-7B-Chat,0.4326,0.4220,-2.46%,0.0972,0.0354,-63.53%
professional_law,Qwen,Qwen1.5-7B-Chat,0.4342,0.4329,-0.30%,0.0502,0.0423,-15.68%
professional_medicine,Qwen,Qwen1.5-7B-Chat,0.5846,0.5993,+2.52%,0.0357,0.0180,-49.59%
professional_psychology,Qwen,Qwen1.5-7B-Chat,0.5441,0.5408,-0.60%,0.0221,0.0227,+2.55%
public_relations,Qwen,Qwen1.5-7B-Chat,0.6182,0.6182,+0.00%,0.0843,0.0577,-31.60%
security_studies,Qwen,Qwen1.5-7B-Chat,0.6286,0.6286,+0.00%,0.0494,0.0387,-21.66%
sociology,Qwen,Qwen1.5-7B-Chat,0.7861,0.7861,+0.00%,0.0398,0.0398,+0.00%
us_foreign_policy,Qwen,Qwen1.5-7B-Chat,0.8000,0.8000,+0.00%,0.0584,0.0584,+0.00%
virology,Qwen,Qwen1.5-7B-Chat,0.4096,0.4217,+2.94%,0.0763,0.0895,+17.24%
world_religions,Qwen,Qwen1.5-7B-Chat,0.7427,0.7427,+0.00%,0.0399,0.0399,+0.00%
